Word, Guesses, Count
aback,"ideas, about, aback",3
abase,"ideas, state, phase, lease, erase, abase",6
abate,"ideas, after, acute, agate, abate",5
abbey,"ideas, after, angel, abbey",4
abbot,"ideas, about, abbot",3
abhor,"ideas, about, abhor",3
abide,"ideas, media, diane, abide",4
abled,"ideas, trade, laden, abled",4
abode,"ideas, trade, abode",3
abort,"ideas, about, abort",3
about,"ideas, about",2
above,"ideas, after, above",3
abuse,"ideas, state, cause, abuse",4
abyss,"ideas, class, abyss",3
acorn,"ideas, about, along, acorn",4
acrid,"ideas, audio, aphid, acrid",4
actor,"ideas, about, actor",3
acute,"ideas, after, acute",3
adage,"ideas, adobe, adage",3
adapt,"ideas, adult, adopt, adapt",4
adept,"ideas, adept",2
admin,"ideas, admin",2
admit,"ideas, admin, admit",3
adobe,"ideas, adobe",2
adopt,"ideas, adult, adopt",3
adore,"ideas, adobe, adore",3
adorn,"ideas, adult, adorn",3
adult,"ideas, adult",2
affix,"ideas, again, attic, affix",4
afire,"ideas, email, zaire, afire",4
afoot,"ideas, about, aloft, afoot",4
afoul,"ideas, about, amour, afoul",4
after,"ideas, after",2
again,"ideas, again",2
agape,"ideas, after, above, apple, agape",5
agate,"ideas, after, acute, agate",4
agent,"ideas, agent",2
agile,"ideas, email, alive, agile",4
aging,"ideas, again, aging",3
aglow,"ideas, about, allow, aglow",4
agony,"ideas, about, along, agony",4
agora,"ideas, about, along, agora",4
agree,"ideas, after, agree",3
ahead,"ideas, dream, ahead",3
aider,"ideas, media, aided, aider",4
aisle,"ideas, raise, aisle",3
alarm,"ideas, about, apply, alarm",4
album,"ideas, about, album",3
alert,"ideas, agent, alert",3
algae,"ideas, legal, algae",3
alibi,"ideas, again, axiom, alibi",4
alien,"ideas, email, alive, alien",4
align,"ideas, again, align",3
alike,"ideas, email, alive, alike",4
alive,"ideas, email, alive",3
allay,"ideas, local, altar, allay",4
alley,"ideas, after, angel, alley",4
allot,"ideas, about, allot",3
allow,"ideas, about, allow",3
alloy,"ideas, about, allow, alloy",4
aloft,"ideas, about, aloft",3
alone,"ideas, after, above, alone",4
along,"ideas, about, along",3
aloof,"ideas, about, along, aloha, aloof",5
aloud,"ideas, board, aloud",3
alpha,"ideas, about, apply, alpha",4
altar,"ideas, local, altar",3
alter,"ideas, after, alter",3
amass,"ideas, class, brass, amass",4
amaze,"ideas, after, above, apple, awake, amaze",6
amber,"ideas, after, amber",3
amble,"ideas, after, above, amble",4
amend,"ideas, amend",2
amiss,"ideas, basis, vials, amiss",4
amity,"ideas, again, axiom, amity",4
among,"ideas, about, along, among",4
ample,"ideas, after, above, apple, ample",5
amply,"ideas, about, apply, amply",4
amuse,"ideas, state, cause, abuse, amuse",5
angel,"ideas, after, angel",3
anger,"ideas, after, amber, anger",4
angle,"ideas, after, above, apple, angle",5
angry,"ideas, about, apply, angry",4
angst,"ideas, small, nasty, angst",4
anime,"ideas, email, anime",3
ankle,"ideas, after, above, apple, angle, ankle",6
annex,"ideas, after, angel, annex",4
annoy,"ideas, about, allow, armor, annoy",5
annul,"ideas, about, awful, annul",4
anode,"ideas, trade, abode, anode",4
antic,"ideas, again, anvil, antic",4
anvil,"ideas, again, anvil",3
aorta,"ideas, about, actor, aorta",4
apart,"ideas, about, apart",3
aphid,"ideas, audio, aphid",3
aping,"ideas, again, axing, aping",4
apnea,"ideas, after, angel, apnea",4
apple,"ideas, after, above, apple",4
apply,"ideas, about, apply",3
apron,"ideas, about, allow, armor, apron",5
aptly,"ideas, about, aptly",3
arbor,"ideas, about, arbor",3
ardor,"ideas, board, ardor",3
arena,"ideas, agent, arena",3
argue,"ideas, after, aware, argue",4
arise,"ideas, raise, arise",3
armor,"ideas, about, allow, armor",4
aroma,"ideas, about, along, aroma",4
arose,"ideas, state, cause, arose",4
array,"ideas, local, human, array",4
arrow,"ideas, about, allow, arrow",4
arson,"ideas, small, nasty, arson",4
artsy,"ideas, small, nasty, artsy",4
ascot,"ideas, small, nasty, ascot",4
ashen,"ideas, state, laser, aspen, ashen",5
aside,"ideas, aside",2
askew,"ideas, state, laser, aspen, askew",5
assay,"ideas, sugar, assay",3
asset,"ideas, state, asset",3
atoll,"ideas, about, atoll",3
atone,"ideas, after, acute, atone",4
attic,"ideas, again, attic",3
audio,"ideas, audio",2
audit,"ideas, audio, audit",3
augur,"ideas, about, awful, aurum, augur",5
aunty,"ideas, about, aunty",3
avail,"ideas, again, avail",3
avert,"ideas, agent, alert, avert",4
avian,"ideas, final, avian",3
avoid,"ideas, audio, avoid",3
await,"ideas, again, avail, await",4
awake,"ideas, after, above, apple, awake",5
award,"ideas, board, award",3
aware,"ideas, after, aware",3
awash,"ideas, small, coast, grasp, awash",5
awful,"ideas, about, awful",3
awoke,"ideas, after, above, alone, awoke",5
axial,"ideas, final, trial, axial",4
axiom,"ideas, again, axiom",3
axion,"ideas, again, avion, anion, axion",5
azure,"ideas, after, aware, azure",4
bacon,"ideas, about, labor, bacon",4
badge,"ideas, trade, dance, badge",4
badly,"ideas, board, badly",3
bagel,"ideas, after, panel, label, bagel",5
baggy,"ideas, about, black, barry, baggy",5
baker,"ideas, after, paper, layer, maker, baker",6
baler,"ideas, after, paper, layer, baler",5
balmy,"ideas, about, black, bally, balmy",5
banal,"ideas, local, rural, naval, banal",5
banjo,"ideas, about, labor, mambo, banjo",5
barge,"ideas, after, learn, barge",4
baron,"ideas, about, labor, baron",4
basal,"ideas, sugar, assay, nasal, basal",5
basic,"ideas, basic",2
basil,"ideas, basic, basin, basil",4
basin,"ideas, basic, basin",3
basis,"ideas, basis",2
baste,"ideas, state, waste, taste, paste, caste, haste, baste",8
batch,"ideas, about, batch",3
bathe,"ideas, after, matte, lathe, bathe",5
baton,"ideas, about, baton",3
batty,"ideas, about, batch, batty",4
bawdy,"ideas, board, badly, bandy, bawdy",5
bayou,"ideas, about, bayou",3
beach,"ideas, after, place, beach",4
beady,"ideas, trade, heady, beady",4
beard,"ideas, trade, heard, beard",4
beast,"ideas, state, least, beast",4
beech,"ideas, there, beech",3
beefy,"ideas, there, queen, geeky, beefy",5
befit,"ideas, price, given, helix, befit",5
began,"ideas, legal, began",3
begat,"ideas, legal, began, begat",4
beget,"ideas, wrote, fetch, telex, genet, beget",6
begin,"ideas, price, given, begin",4
begun,"ideas, wrote, level, bench, begun",5
being,"ideas, price, being",3
belch,"ideas, wrote, level, belly, belch",5
belie,"ideas, price, title, belie",4
belle,"ideas, wrote, cycle, belle",4
belly,"ideas, wrote, level, belly",4
below,"ideas, wrote, below",3
bench,"ideas, wrote, level, bench",4
beret,"ideas, wrote, enter, beret",4
berry,"ideas, wrote, reply, kerry, jerry, ferry, berry",7
berth,"ideas, wrote, berth",3
beset,"ideas, store, upset, beset",4
betel,"ideas, wrote, fetch, betel",4
bevel,"ideas, wrote, level, bevel",4
bezel,"ideas, wrote, level, bezel",4
bible,"ideas, price, title, bible",4
bicep,"ideas, price, bicep",3
biddy,"ideas, child, dirty, windy, giddy, kiddy, biddy",7
bigot,"ideas, which, login, vigor, bigot",5
bilge,"ideas, price, title, ligne, bilge",5
billy,"ideas, which, login, billy",4
binge,"ideas, price, title, hinge, binge",5
bingo,"ideas, which, login, bingo",4
biome,"ideas, price, title, hinge, biome",5
birch,"ideas, which, pitch, birch",4
birth,"ideas, which, birth",3
bison,"ideas, first, silly, bison",4
bitty,"ideas, which, login, fifty, kitty, titty, bitty",7
black,"ideas, about, black",3
blade,"ideas, trade, blade",3
blame,"ideas, after, place, blame",4
bland,"ideas, board, bland",3
blank,"ideas, about, black, blank",4
blare,"ideas, after, learn, glare, blare",5
blast,"ideas, small, flash, blast",4
blaze,"ideas, after, place, blame, blaze",5
bleak,"ideas, great, cheap, bleak",4
bleat,"ideas, great, cheat, pleat, bleat",5
bleed,"ideas, trend, bleed",3
bleep,"ideas, there, queen, bleep",4
blend,"ideas, trend, blend",3
bless,"ideas, press, guess, chess, bless",5
blimp,"ideas, which, print, opium, blimp",5
blind,"ideas, child, blind",3
blink,"ideas, which, print, going, blink",5
bliss,"ideas, virus, bliss",3
blitz,"ideas, which, print, blitz",4
bloat,"ideas, local, float, bloat",4
block,"ideas, group, known, block",4
bloke,"ideas, wrote, phone, globe, bloke",5
blond,"ideas, would, blood, blond",4
blood,"ideas, would, blood",3
bloom,"ideas, group, known, booty, bloom",5
blown,"ideas, group, known, blown",4
bluer,"ideas, wrote, reply, ulcer, bluer",5
bluff,"ideas, group, fully, bluff",4
blunt,"ideas, group, fully, blunt",4
blurb,"ideas, group, curry, blurb",4
blurt,"ideas, group, curry, blurb, blurt",5
blush,"ideas, south, brush, blush",4
board,"ideas, board",2
boast,"ideas, small, coast, toast, roast, boast",6
bobby,"ideas, group, month, bobby",4
boney,"ideas, wrote, money, honey, coney, boney",6
bongo,"ideas, group, bongo",3
bonus,"ideas, cross, bonus",3
booby,"ideas, group, known, booty, booby",5
boost,"ideas, south, worst, boost",4
booth,"ideas, group, known, booty, booth",5
booty,"ideas, group, known, booty",4
booze,"ideas, wrote, phone, globe, booze",5
boozy,"ideas, group, known, booty, booby, boozy",6
borax,"ideas, local, woman, torah, foray, borax",6
borne,"ideas, wrote, force, borne",4
bosom,"ideas, south, bosom",3
bossy,"ideas, south, bosom, bossy",4
botch,"ideas, group, month, botch",4
bough,"ideas, group, young, tough, cough, bough",6
boule,"ideas, wrote, noble, bogle, boule",5
bound,"ideas, would, found, round, bound",5
bowel,"ideas, wrote, below, bowel",4
boxer,"ideas, wrote, poker, cover, roger, homer, boxer",7
brace,"ideas, after, learn, grace, brace",5
braid,"ideas, audio, valid, braid",4
brain,"ideas, again, chain, brain",4
brake,"ideas, after, learn, grace, brake",5
brand,"ideas, board, brand",3
brash,"ideas, small, coast, grasp, brash",5
brass,"ideas, class, brass",3
brave,"ideas, after, learn, grace, brake, brave",6
bravo,"ideas, about, labor, bravo",4
brawl,"ideas, about, black, brawl",4
brawn,"ideas, about, black, brawn",4
bread,"ideas, dream, bread",3
break,"ideas, great, break",3
breed,"ideas, trend, breed",3
briar,"ideas, final, briar",3
bribe,"ideas, price, write, urine, bribe",5
brick,"ideas, which, click, quick, trick, brick",6
bride,"ideas, video, guide, pride, bride",5
brief,"ideas, price, brief",3
brine,"ideas, price, write, urine, brine",5
bring,"ideas, which, print, bring",4
brink,"ideas, which, print, bring, brink",5
briny,"ideas, which, print, bring, brink, briny",6
brisk,"ideas, first, crisp, brisk",4
broad,"ideas, today, broad",3
broil,"ideas, which, login, broil",4
broke,"ideas, wrote, prove, broke",4
brood,"ideas, would, chord, brood",4
brook,"ideas, group, front, brook",4
broom,"ideas, group, front, brook, broom",5
broth,"ideas, group, front, troll, broth",5
brown,"ideas, group, front, brown",4
brunt,"ideas, group, truth, brunt",4
brush,"ideas, south, brush",3
brute,"ideas, wrote, brute",3
buddy,"ideas, would, buddy",3
budge,"ideas, order, judge, fudge, nudge, budge",6
buggy,"ideas, group, buggy",3
bugle,"ideas, wrote, cycle, belle, bugle",5
build,"ideas, child, build",3
built,"ideas, which, print, built",4
bulge,"ideas, wrote, cycle, plume, bulge",5
bulky,"ideas, group, fully, bulky",4
bully,"ideas, group, fully, bully",4
bunch,"ideas, group, fully, bunch",4
bunny,"ideas, group, fully, bunny",4
burly,"ideas, group, curry, murky, burly",5
burnt,"ideas, group, curry, burnt",4
burst,"ideas, south, burst",3
bused,"ideas, dense, bused",3
bushy,"ideas, south, husky, bushy",4
butch,"ideas, group, fully, bunch, butch",5
butte,"ideas, wrote, flute, butte",4
buxom,"ideas, group, youth, jumbo, buxom",5
buyer,"ideas, wrote, reply, buyer",4
bylaw,"ideas, local, altar, bylaw",4
cabal,"ideas, local, canal, cabal",4
cabby,"ideas, about, black, cabby",4
cabin,"ideas, again, cabin",3
cable,"ideas, after, place, cable",4
cacao,"ideas, local, cacao",3
cache,"ideas, after, place, cache",4
cacti,"ideas, again, faith, parti, cacti",5
caddy,"ideas, board, candy, caddy",4
cadet,"ideas, trade, delta, acted, cadet",5
cagey,"ideas, after, panel, cameo, cagey",5
cairn,"ideas, again, cairn",3
camel,"ideas, after, panel, label, camel",5
cameo,"ideas, after, panel, cameo",4
canal,"ideas, local, canal",3
candy,"ideas, board, candy",3
canny,"ideas, about, march, wacky, canny",5
canoe,"ideas, after, place, cache, canoe",5
canon,"ideas, about, major, canon",4
caper,"ideas, after, paper, caper",4
caput,"ideas, about, gamut, caput",4
carat,"ideas, local, carat",3
cargo,"ideas, about, major, cargo",4
carol,"ideas, about, major, carol",4
carry,"ideas, about, march, carry",4
carve,"ideas, after, learn, barge, carve",5
caste,"ideas, state, waste, taste, paste, caste",6
catch,"ideas, about, party, watch, match, catch",6
cater,"ideas, after, water, later, cater",5
catty,"ideas, about, party, fatty, natty, tatty, catty",7
caulk,"ideas, about, laugh, caulk",4
cause,"ideas, state, cause",3
cavil,"ideas, again, ratio, maxim, vakil, cavil",6
cease,"ideas, state, phase, lease, cease",5
cedar,"ideas, delay, cedar",3
cello,"ideas, wrote, money, hello, cello",5
chafe,"ideas, after, flame, chafe",4
chaff,"ideas, about, march, chalk, chang, chaff",6
chain,"ideas, again, chain",3
chair,"ideas, again, chair",3
chalk,"ideas, about, march, chalk",4
champ,"ideas, about, march, champ",4
chant,"ideas, about, plant, grant, chant",5
chaos,"ideas, class, chaos",3
chard,"ideas, board, award, guard, chard",5
charm,"ideas, about, march, charm",4
chart,"ideas, about, plant, chart",4
chase,"ideas, state, phase, chase",4
chasm,"ideas, small, chasm",3
cheap,"ideas, great, cheap",3
cheat,"ideas, great, cheat",3
check,"ideas, there, check",3
cheek,"ideas, there, check, cheek",4
cheer,"ideas, there, cheer",3
chess,"ideas, press, guess, chess",4
chest,"ideas, these, chest",3
chick,"ideas, which, thick, chick",4
chide,"ideas, video, guide, pride, chide",5
chief,"ideas, price, chief",3
child,"ideas, child",2
chili,"ideas, which, chili",3
chill,"ideas, which, chili, chill",4
chime,"ideas, price, chile, chime",4
china,"ideas, again, china",3
chirp,"ideas, which, chili, chirp",4
chock,"ideas, group, known, block, chock",5
choir,"ideas, which, choir",3
choke,"ideas, wrote, phone, choke",4
chord,"ideas, would, chord",3
chore,"ideas, wrote, chore",3
chose,"ideas, store, close, chose",4
chuck,"ideas, group, fully, chuck",4
chump,"ideas, group, plump, thump, chump",5
chunk,"ideas, group, fully, chuck, chunk",5
churn,"ideas, group, curry, churn",4
chute,"ideas, wrote, flute, chute",4
cider,"ideas, video, rider, wider, cider",5
cigar,"ideas, final, cigar",3
cinch,"ideas, which, pitch, birch, finch, cinch",6
circa,"ideas, again, faith, villa, pizza, circa",6
civic,"ideas, which, topic, civic",4
civil,"ideas, which, topic, civil",4
clack,"ideas, about, march, knack, flack, clack",6
claim,"ideas, again, chair, claim",4
clamp,"ideas, about, march, clamp",4
clang,"ideas, about, march, clank, clang",5
clank,"ideas, about, march, clank",4
clash,"ideas, small, flash, clash",4
clasp,"ideas, small, flash, blast, clasp",5
class,"ideas, class",2
clean,"ideas, great, cheap, clean",4
clear,"ideas, great, clear",3
cleat,"ideas, great, cheat, cleat",4
cleft,"ideas, there, event, fleet, cleft",5
clerk,"ideas, there, every, clerk",4
click,"ideas, which, click",3
cliff,"ideas, which, cliff",3
climb,"ideas, which, cliff, climb",4
cling,"ideas, which, cliff, climb, cling",5
clink,"ideas, which, cliff, climb, cling, clint, clink",7
cloak,"ideas, local, cloak",3
clock,"ideas, group, known, block, clock",5
clone,"ideas, wrote, phone, clone",4
close,"ideas, store, close",3
cloth,"ideas, group, known, booty, cloth",5
cloud,"ideas, would, cloud",3
clout,"ideas, group, clout",3
clove,"ideas, wrote, phone, globe, clove",5
clown,"ideas, group, known, blown, clown",5
cluck,"ideas, group, fully, blunt, cluck",5
clued,"ideas, order, duvet, upped, glued, clued",6
clump,"ideas, group, plump, clump",4
clung,"ideas, group, buggy, flung, clung",5
coach,"ideas, about, major, coach",4
coast,"ideas, small, coast",3
cobra,"ideas, about, labor, cobra",4
cocoa,"ideas, about, major, cocoa",4
colon,"ideas, group, month, colon",4
color,"ideas, group, north, color",4
comet,"ideas, wrote, hotel, token, comet",5
comfy,"ideas, group, month, comfy",4
comic,"ideas, which, topic, logic, comic",5
comma,"ideas, about, major, comma",4
conch,"ideas, group, month, conch",4
condo,"ideas, would, donor, condo",4
conic,"ideas, which, topic, logic, comic, conic",6
copse,"ideas, store, house, posse, copse",5
coral,"ideas, local, coral",3
corer,"ideas, wrote, poker, cover, comer, corer",6
corny,"ideas, group, north, moron, corny",5
couch,"ideas, group, youth, couch",4
cough,"ideas, group, young, tough, cough",5
could,"ideas, would, could",3
count,"ideas, group, youth, count",4
coupe,"ideas, wrote, noble, coupe",4
court,"ideas, group, court",3
coven,"ideas, wrote, money, novel, coven",5
cover,"ideas, wrote, poker, cover",4
covet,"ideas, wrote, hotel, token, comet, covet",6
covey,"ideas, wrote, money, covey",4
cower,"ideas, wrote, power, lower, mower, rower, cower",7
coyly,"ideas, group, month, bobby, jolly, lowly, coyly",7
crack,"ideas, about, march, crack",4
craft,"ideas, about, plant, chart, craft",5
cramp,"ideas, about, march, cramp",4
crane,"ideas, after, learn, crane",4
crank,"ideas, about, march, crazy, crawl, crank",6
crash,"ideas, small, coast, crash",4
crass,"ideas, class, crass",3
crate,"ideas, after, heart, trace, crate",5
crave,"ideas, after, learn, grace, crave",5
crawl,"ideas, about, march, crazy, crawl",5
craze,"ideas, after, learn, grace, crave, craze",6
crazy,"ideas, about, march, crazy",4
creak,"ideas, great, break, freak, wreak, creak",6
cream,"ideas, great, break, cream",4
credo,"ideas, trend, credo",3
creed,"ideas, trend, breed, creed",4
creek,"ideas, there, green, creek",4
creep,"ideas, there, green, creek, creep",5
creme,"ideas, there, creme",3
crepe,"ideas, there, creme, crewe, crepe",5
crept,"ideas, there, erect, crept",4
cress,"ideas, press, cress",3
crest,"ideas, these, guest, crest",4
crick,"ideas, which, click, crick",4
cried,"ideas, video, tried, dried, fried, cried",6
crier,"ideas, price, crier",3
crime,"ideas, price, crime",3
crimp,"ideas, which, cliff, crimp",4
crisp,"ideas, first, crisp",3
croak,"ideas, local, croak",3
crock,"ideas, group, front, brook, crock",5
crone,"ideas, wrote, prove, broke, froze, crone",6
crony,"ideas, group, front, crony",4
crook,"ideas, group, front, brook, crook",5
cross,"ideas, cross",2
croup,"ideas, group, croup",3
crowd,"ideas, would, crowd",3
crown,"ideas, group, front, brown, crown",5
crude,"ideas, order, crude",3
cruel,"ideas, wrote, cruel",3
crumb,"ideas, group, truth, crumb",4
crump,"ideas, group, trump, crump",4
crush,"ideas, south, brush, crush",4
crust,"ideas, south, trust, crust",4
crypt,"ideas, group, crypt",3
cubic,"ideas, which, topic, civic, cubic",5
cumin,"ideas, which, topic, civil, cumin",5
curio,"ideas, which, topic, curio",4
curly,"ideas, group, curry, curly",4
curry,"ideas, group, curry",3
curse,"ideas, store, nurse, purse, curse",5
curve,"ideas, wrote, genre, curve",4
curvy,"ideas, group, curry, curly, curvy",5
cutie,"ideas, price, niche, cutie",4
cyber,"ideas, wrote, reply, buyer, cyber",5
cycle,"ideas, wrote, cycle",3
cynic,"ideas, which, topic, civic, cubic, cynic",6
daddy,"ideas, board, candy, daddy",4
daily,"ideas, audio, daily",3
dairy,"ideas, audio, daily, dairy",4
daisy,"ideas, daisy",2
dally,"ideas, board, candy, madly, dally",5
dance,"ideas, trade, dance",3
dandy,"ideas, board, candy, handy, dandy",5
datum,"ideas, board, candy, datum",4
daunt,"ideas, board, candy, daunt",4
dealt,"ideas, trade, death, dealt",4
death,"ideas, trade, death",3
debar,"ideas, delay, debar",3
debit,"ideas, video, guide, denim, debit",5
debug,"ideas, order, depth, debug",4
debut,"ideas, order, depth, debut",4
decal,"ideas, delay, decal",3
decay,"ideas, delay, decay",3
decor,"ideas, order, decor",3
decoy,"ideas, order, depot, devon, decoy",5
decry,"ideas, order, derby, decry",4
defer,"ideas, order, deter, defer",4
deign,"ideas, video, guide, deign",4
deity,"ideas, video, guide, weird, deity",5
delay,"ideas, delay",2
delta,"ideas, trade, delta",3
delve,"ideas, order, depth, debug, delve",5
demon,"ideas, order, depot, devon, demon",5
demur,"ideas, order, demur",3
denim,"ideas, video, guide, denim",4
dense,"ideas, dense",2
depot,"ideas, order, depot",3
depth,"ideas, order, depth",3
derby,"ideas, order, derby",3
deter,"ideas, order, deter",3
detox,"ideas, order, depot, detox",4
deuce,"ideas, order, depth, debug, deuce",5
devil,"ideas, video, drive, devil",4
diary,"ideas, audio, daily, diary",4
dicey,"ideas, video, diner, dicey",4
digit,"ideas, child, dirty, digit",4
dilly,"ideas, child, dimly, dilly",4
dimly,"ideas, child, dimly",3
diner,"ideas, video, diner",3
dingo,"ideas, child, dirty, dingo",4
dingy,"ideas, child, dirty, dizzy, diddy, dinky, dingy",7
diode,"ideas, video, diode",3
dirge,"ideas, video, dixie, dirge",4
dirty,"ideas, child, dirty",3
disco,"ideas, solid, disco",3
ditch,"ideas, child, ditch",3
ditto,"ideas, child, dirty, ditto",4
ditty,"ideas, child, dirty, ditty",4
diver,"ideas, video, diver",3
dizzy,"ideas, child, dirty, dizzy",4
dodge,"ideas, order, lodge, dodge",4
dodgy,"ideas, would, donor, dodgy",4
dogma,"ideas, board, honda, vodka, dogma",5
doing,"ideas, child, doing",3
dolly,"ideas, would, dolly",3
donor,"ideas, would, donor",3
donut,"ideas, would, donut",3
dopey,"ideas, order, dozen, dowel, dopey",5
doubt,"ideas, would, doubt",3
dough,"ideas, would, doubt, dough",4
dowdy,"ideas, would, howdy, rowdy, dowdy",5
dowel,"ideas, order, dozen, dowel",4
downy,"ideas, would, howdy, downy",4
dowry,"ideas, would, howdy, downy, dowry",5
dozen,"ideas, order, dozen",3
draft,"ideas, board, draft",3
drain,"ideas, audio, valid, drain",4
drake,"ideas, trade, drake",3
drama,"ideas, board, draft, drama",4
drank,"ideas, board, draft, drama, drawn, drank",6
drape,"ideas, trade, drake, drape",4
drawl,"ideas, board, draft, drama, drawn, drawl",6
drawn,"ideas, board, draft, drama, drawn",5
dread,"ideas, dream, dread",3
dream,"ideas, dream",2
dress,"ideas, dress",2
dried,"ideas, video, tried, dried",4
drier,"ideas, video, tried, drier",4
drift,"ideas, child, doing, drift",4
drill,"ideas, child, drill",3
drink,"ideas, child, doing, drink",4
drive,"ideas, video, drive",3
droit,"ideas, child, dirty, droit",4
droll,"ideas, would, droll",3
drone,"ideas, order, drove, drone",4
drool,"ideas, would, drool",3
droop,"ideas, would, hydro, droop",4
dross,"ideas, dross",2
drove,"ideas, order, drove",3
drown,"ideas, would, drown",3
druid,"ideas, child, vivid, druid",4
drunk,"ideas, would, drunk",3
dryer,"ideas, order, dryer",3
dryly,"ideas, would, dryly",3
duchy,"ideas, would, buddy, dummy, duchy",5
dully,"ideas, would, dully",3
dummy,"ideas, would, buddy, dummy",4
dumpy,"ideas, would, buddy, dummy, dumpy",5
dunce,"ideas, order, depth, dulce, dunce",5
dusky,"ideas, study, dusky",3
dusty,"ideas, study, dusty",3
dutch,"ideas, would, buddy, dutch",4
duvet,"ideas, order, duvet",3
dwarf,"ideas, board, dwarf",3
dwell,"ideas, trend, dwell",3
dwelt,"ideas, trend, dwelt",3
dying,"ideas, child, doing, dying",4
eager,"ideas, after, paper, layer, maker, eager",6
eagle,"ideas, after, place, value, eagle",5
early,"ideas, after, learn, early",4
earth,"ideas, after, heart, earth",4
easel,"ideas, state, laser, easel",4
eaten,"ideas, after, latex, eaten",4
eater,"ideas, after, water, later, cater, eater",6
ebony,"ideas, wrote, ebony",3
eclat,"ideas, legal, eclat",3
edict,"ideas, edict",2
edify,"ideas, edict, edify",3
eerie,"ideas, price, fibre, eerie",4
egret,"ideas, wrote, enter, egret",4
eight,"ideas, price, given, eight",4
eject,"ideas, there, event, elect, eject",5
eking,"ideas, price, being, eying, eking",5
elate,"ideas, after, table, plate, elate",5
elbow,"ideas, wrote, below, elbow",4
elder,"ideas, order, under, elder",4
elect,"ideas, there, event, elect",4
elegy,"ideas, there, queen, geeky, elegy",5
elfin,"ideas, price, given, elfin",4
elide,"ideas, video, guide, pride, chide, elide",6
elite,"ideas, price, while, elite",4
elope,"ideas, wrote, phone, elope",4
elude,"ideas, order, depth, elude",4
email,"ideas, email",2
embed,"ideas, order, duvet, embed",4
ember,"ideas, wrote, reply, ember",4
emcee,"ideas, wrote, cycle, emcee",4
empty,"ideas, wrote, empty",3
enact,"ideas, after, table, exact, enact",5
endow,"ideas, order, lodge, endow",4
enema,"ideas, agent, enema",3
enemy,"ideas, there, queen, enemy",4
enjoy,"ideas, wrote, money, enjoy",4
ennui,"ideas, price, given, ennui",4
ensue,"ideas, store, pulse, ensue",4
enter,"ideas, wrote, enter",3
entry,"ideas, wrote, enter, entry",4
envoy,"ideas, wrote, money, enjoy, envoy",5
epoch,"ideas, wrote, ebony, epoch",4
epoxy,"ideas, wrote, ebony, epoxy",4
equal,"ideas, legal, equal",3
equip,"ideas, price, equip",3
erase,"ideas, state, phase, lease, erase",5
erect,"ideas, there, erect",3
erode,"ideas, order, drove, erode",4
error,"ideas, wrote, error",3
erupt,"ideas, wrote, erupt",3
essay,"ideas, essay",2
ester,"ideas, store, reset, ester",4
ether,"ideas, wrote, enter, ether",4
ethic,"ideas, price, ethic",3
ethos,"ideas, zones, ethos",3
etude,"ideas, order, depth, etude",4
evade,"ideas, trade, blade, evade",4
event,"ideas, there, event",3
every,"ideas, there, every",3
evict,"ideas, price, evict",3
evoke,"ideas, wrote, phone, globe, evoke",5
exact,"ideas, after, table, exact",4
exalt,"ideas, after, table, exalt",4
excel,"ideas, wrote, level, excel",4
exert,"ideas, there, exert",3
exile,"ideas, price, while, exile",4
exist,"ideas, since, exist",3
expel,"ideas, wrote, level, excel, expel",5
extol,"ideas, wrote, hotel, extol",4
extra,"ideas, after, extra",3
exult,"ideas, wrote, fetch, unmet, exult",5
eying,"ideas, price, being, eying",4
fable,"ideas, after, flame, fable",4
facet,"ideas, after, facet",3
faint,"ideas, again, china, paint, faint",5
fairy,"ideas, again, faith, fairy",4
faith,"ideas, again, faith",3
false,"ideas, state, cause, false",4
fancy,"ideas, about, march, fancy",4
fanny,"ideas, about, march, nanny, fanny",5
farce,"ideas, after, frame, farce",4
fatal,"ideas, local, rural, naval, fatal",5
fatty,"ideas, about, party, fatty",4
fault,"ideas, about, fault",3
fauna,"ideas, about, laugh, fauna",4
favor,"ideas, about, major, favor",4
feast,"ideas, state, least, beast, yeast, feast",6
fecal,"ideas, legal, metal, renal, fecal",5
feign,"ideas, price, being, neigh, feign",5
fella,"ideas, after, flame, fella",4
felon,"ideas, wrote, money, felon",4
femme,"ideas, wrote, cycle, venue, femme",5
femur,"ideas, wrote, reply, never, femur",5
fence,"ideas, wrote, cycle, hence, fence",5
feral,"ideas, legal, metal, renal, feral",5
ferry,"ideas, wrote, reply, kerry, jerry, ferry",6
fetal,"ideas, legal, metal, fetal",4
fetch,"ideas, wrote, fetch",3
fetid,"ideas, video, guide, denim, tepid, fetid",6
fetus,"ideas, zones, fetus",3
fever,"ideas, wrote, reply, never, fever",5
fewer,"ideas, wrote, fewer",3
fiber,"ideas, price, river, fiber",4
fibre,"ideas, price, fibre",3
ficus,"ideas, virus, minus, pious, ficus",5
field,"ideas, field",2
fiend,"ideas, field, fiend",3
fiery,"ideas, their, fiery",3
fifth,"ideas, which, birth, fifth",4
fifty,"ideas, which, login, fifty",4
fight,"ideas, which, right, night, light, might, fight",7
filer,"ideas, price, river, fiber, finer, filer",6
filet,"ideas, price, given, libel, filet",5
filly,"ideas, which, login, billy, tilly, filly",6
filmy,"ideas, which, login, billy, milky, filmy",6
filth,"ideas, which, birth, fifth, filth",5
final,"ideas, final",2
finch,"ideas, which, pitch, birch, finch",5
finer,"ideas, price, river, fiber, finer",5
first,"ideas, first",2
fishy,"ideas, first, fishy",3
fixer,"ideas, price, river, fiber, finer, filer, fixer",7
fizzy,"ideas, which, login, fifty, fizzy",5
fjord,"ideas, would, chord, fjord",4
flack,"ideas, about, march, knack, flack",5
flail,"ideas, again, chair, quail, flail",5
flair,"ideas, again, chair, flair",4
flake,"ideas, after, flame, flake",4
flaky,"ideas, about, march, plaza, flank, flaky",6
flame,"ideas, after, flame",3
flank,"ideas, about, march, plaza, flank",5
flare,"ideas, after, frame, flare",4
flash,"ideas, small, flash",3
flask,"ideas, small, flash, flask",4
fleck,"ideas, there, queen, geeky, fleck",5
fleet,"ideas, there, event, fleet",4
flesh,"ideas, these, fresh, flesh",4
flick,"ideas, which, click, flick",4
flier,"ideas, price, reign, flier",4
fling,"ideas, which, print, going, lying, bling, fling",7
flint,"ideas, which, print, joint, flint",5
flirt,"ideas, which, print, flirt",4
float,"ideas, local, float",3
flock,"ideas, group, known, block, clock, flock",6
flood,"ideas, would, blood, flood",4
floor,"ideas, group, floor",3
flora,"ideas, about, flora",3
floss,"ideas, cross, gloss, floss",4
flour,"ideas, group, flour",3
flout,"ideas, group, clout, flout",4
flown,"ideas, group, known, blown, clown, flown",6
fluff,"ideas, group, fully, fluff",4
fluid,"ideas, child, fluid",3
fluke,"ideas, wrote, cycle, plume, fluke",5
flume,"ideas, wrote, cycle, plume, blume, flume",6
flung,"ideas, group, buggy, flung",4
flunk,"ideas, group, fully, fluff, flunk",5
flush,"ideas, south, brush, flush",4
flute,"ideas, wrote, flute",3
flyer,"ideas, wrote, reply, flyer",4
foamy,"ideas, about, major, comma, foamy",5
focal,"ideas, local, vocal, focal",4
focus,"ideas, cross, focus",3
foggy,"ideas, group, bongo, foggy",4
foist,"ideas, first, foist",3
folio,"ideas, which, login, folio",4
folly,"ideas, group, month, bobby, jolly, folly",6
foray,"ideas, local, woman, torah, foray",5
force,"ideas, wrote, force",3
forge,"ideas, wrote, force, forge",4
forgo,"ideas, group, forgo",3
forte,"ideas, wrote, route, forte",4
forth,"ideas, group, north, worth, forth",5
forty,"ideas, group, north, forty",4
forum,"ideas, group, forum",3
found,"ideas, would, found",3
foyer,"ideas, wrote, poker, cover, roger, homer, boxer, foyer",8
frail,"ideas, again, chair, trail, frail",5
frame,"ideas, after, frame",3
frank,"ideas, about, march, frank",4
fraud,"ideas, board, grand, fraud",4
freak,"ideas, great, break, freak",4
freed,"ideas, trend, breed, creed, freed",5
freer,"ideas, there, green, creek, freer",5
fresh,"ideas, these, fresh",3
friar,"ideas, final, friar",3
fried,"ideas, video, tried, dried, fried",5
frill,"ideas, which, print, grill, brill, krill, frill",7
frisk,"ideas, first, frisk",3
fritz,"ideas, which, print, fritz",4
frock,"ideas, group, front, frock",4
frond,"ideas, would, chord, brood, frond",5
front,"ideas, group, front",3
frost,"ideas, south, frost",3
froth,"ideas, group, front, froth",4
frown,"ideas, group, front, frown",4
froze,"ideas, wrote, prove, broke, froze",5
fruit,"ideas, which, login, fruit",4
fudge,"ideas, order, judge, fudge",4
fugue,"ideas, wrote, cycle, venue, fugue",5
fully,"ideas, group, fully",3
fungi,"ideas, which, login, fungi",4
funky,"ideas, group, fully, funny, funky",5
funny,"ideas, group, fully, funny",4
furor,"ideas, group, court, humor, juror, furor",6
furry,"ideas, group, curry, hurry, furry",5
fussy,"ideas, south, pussy, fussy",4
fuzzy,"ideas, group, fully, funny, fuzzy",5
gaffe,"ideas, after, flame, gaffe",4
gaily,"ideas, again, gaily",3
gamer,"ideas, after, paper, layer, maker, gamer",6
gamma,"ideas, about, march, gamma",4
gamut,"ideas, about, gamut",3
gassy,"ideas, small, nasty, raspy, washy, gassy",6
gaudy,"ideas, board, candy, daddy, gaudy",5
gauge,"ideas, after, place, maybe, gauge",5
gaunt,"ideas, about, fault, haunt, gaunt",5
gauze,"ideas, after, place, maybe, gauge, gauze",6
gavel,"ideas, after, panel, label, camel, hazel, gavel",7
gawky,"ideas, about, march, nanny, wally, gawky",6
gayer,"ideas, after, paper, layer, bayer, gayer",6
gayly,"ideas, about, march, nanny, wally, gayly",6
gazer,"ideas, after, paper, layer, maker, eager, gazer",7
gecko,"ideas, wrote, money, hello, gecko",5
geeky,"ideas, there, queen, geeky",4
geese,"ideas, these, obese, geese",4
genie,"ideas, price, title, movie, genie",5
genre,"ideas, wrote, genre",3
ghost,"ideas, south, ghost",3
ghoul,"ideas, group, ghoul",3
giant,"ideas, again, giant",3
giddy,"ideas, child, dirty, windy, giddy",5
gipsy,"ideas, first, missy, gipsy",4
girly,"ideas, which, login, girly",4
girth,"ideas, which, birth, girth",4
given,"ideas, price, given",3
giver,"ideas, price, river, liver, giver",5
glade,"ideas, trade, blade, glade",4
gland,"ideas, board, gland",3
glare,"ideas, after, learn, glare",4
glass,"ideas, class, glass",3
glaze,"ideas, after, place, blame, glaze",5
gleam,"ideas, great, gleam",3
glean,"ideas, great, gleam, glean",4
glide,"ideas, video, guide, glide",4
glint,"ideas, which, print, joint, flint, glint",6
gloat,"ideas, local, float, bloat, gloat",5
globe,"ideas, wrote, phone, globe",4
gloom,"ideas, group, goofy, gloom",4
glory,"ideas, group, glory",3
gloss,"ideas, cross, gloss",3
glove,"ideas, wrote, phone, globe, glove",5
glyph,"ideas, group, glyph",3
gnash,"ideas, small, coast, grasp, gnash",5
gnome,"ideas, wrote, phone, gnome",4
godly,"ideas, would, dolly, godly",4
going,"ideas, which, print, going",4
golem,"ideas, wrote, money, golem",4
golly,"ideas, group, golly",3
gonad,"ideas, today, nomad, gonad",4
goner,"ideas, wrote, poker, cover, roger, gomer, goner",7
goody,"ideas, would, donor, moody, goody",5
gooey,"ideas, wrote, ebony, gooey",4
goofy,"ideas, group, goofy",3
goose,"ideas, store, close, whose, goose",5
gorge,"ideas, wrote, force, borne, gorge",5
gouge,"ideas, wrote, noble, coupe, gouge",5
gourd,"ideas, would, found, gourd",4
grace,"ideas, after, learn, grace",4
grade,"ideas, trade, grade",3
graft,"ideas, about, plant, chart, graft",5
grail,"ideas, again, grail",3
grain,"ideas, again, grain",3
grand,"ideas, board, grand",3
grant,"ideas, about, plant, grant",4
grape,"ideas, after, learn, grace, grave, grape",6
graph,"ideas, about, march, graph",4
grasp,"ideas, small, coast, grasp",4
grass,"ideas, class, brass, grass",4
grate,"ideas, after, heart, trace, grate",5
grave,"ideas, after, learn, grace, grave",5
gravy,"ideas, about, march, frank, gravy",5
graze,"ideas, after, learn, grace, grave, grape, graze",7
great,"ideas, great",2
greed,"ideas, trend, breed, creed, freed, greed",6
green,"ideas, there, green",3
greet,"ideas, there, erect, greet",4
grief,"ideas, price, brief, grief",4
grill,"ideas, which, print, grill",4
grime,"ideas, price, write, urine, bribe, grime",6
grimy,"ideas, which, print, grill, griff, grimy",6
grind,"ideas, child, grind",3
gripe,"ideas, price, gripe",3
groan,"ideas, local, organ, groan",4
groin,"ideas, which, login, groin",4
groom,"ideas, group, grown, groom",4
grope,"ideas, wrote, prove, grope",4
gross,"ideas, cross, gross",3
group,"ideas, group",2
grout,"ideas, group, grout",3
grove,"ideas, wrote, prove, grove",4
growl,"ideas, group, grown, growl",4
grown,"ideas, group, grown",3
gruel,"ideas, wrote, cruel, gruel",4
gruff,"ideas, group, grunt, gruff",4
grunt,"ideas, group, grunt",3
guard,"ideas, board, award, guard",4
guava,"ideas, about, laugh, guava",4
guess,"ideas, press, guess",3
guest,"ideas, these, guest",3
guide,"ideas, video, guide",3
guild,"ideas, child, build, guild",4
guile,"ideas, price, while, exile, guile",5
guilt,"ideas, which, print, built, quilt, guilt",6
guise,"ideas, since, guise",3
gulch,"ideas, group, gully, gulch",4
gully,"ideas, group, gully",3
gumbo,"ideas, group, gumbo",3
gummy,"ideas, group, gully, gummy",4
guppy,"ideas, group, guppy",3
gusto,"ideas, south, gusto",3
gusty,"ideas, south, busty, rusty, lusty, musty, gusty",7
gypsy,"ideas, south, gypsy",3
habit,"ideas, again, ratio, habit",4
hairy,"ideas, again, faith, hairy",4
halve,"ideas, after, place, value, halve",5
handy,"ideas, board, candy, handy",4
happy,"ideas, about, march, happy",4
hardy,"ideas, board, randy, hardy",4
harem,"ideas, after, raven, warez, harem",5
harpy,"ideas, about, march, harry, harpy",5
harry,"ideas, about, march, harry",4
harsh,"ideas, small, nasty, harsh",4
haste,"ideas, state, waste, taste, paste, caste, haste",7
hasty,"ideas, small, nasty, tasty, hasty",5
hatch,"ideas, about, party, watch, match, catch, hatch",7
hater,"ideas, after, water, later, cater, eater, hater",7
haunt,"ideas, about, fault, haunt",4
haute,"ideas, after, table, haute",4
haven,"ideas, after, panel, haven",4
havoc,"ideas, about, major, canon, havoc",5
hazel,"ideas, after, panel, label, camel, hazel",6
heady,"ideas, trade, heady",3
heard,"ideas, trade, heard",3
heart,"ideas, after, heart",3
heath,"ideas, after, table, exact, heath",5
heave,"ideas, after, place, quake, weave, heave",6
heavy,"ideas, after, place, heavy",4
hedge,"ideas, order, judge, hedge",4
hefty,"ideas, wrote, empty, lefty, hefty",5
heist,"ideas, since, exist, heist",4
helix,"ideas, price, given, helix",4
hello,"ideas, wrote, money, hello",4
hence,"ideas, wrote, cycle, hence",4
heron,"ideas, wrote, poker, xerox, heron",5
hilly,"ideas, which, right, hippo, hilly",5
hinge,"ideas, price, title, hinge",4
hippo,"ideas, which, right, hippo",4
hippy,"ideas, which, right, hippo, hippy",5
hitch,"ideas, which, pitch, hitch",4
hoard,"ideas, board, hoard",3
hobby,"ideas, group, month, hobby",4
hoist,"ideas, first, twist, moist, hoist",5
holly,"ideas, group, month, hobby, holly",5
homer,"ideas, wrote, poker, cover, roger, homer",6
honey,"ideas, wrote, money, honey",4
honor,"ideas, group, north, honor",4
horde,"ideas, order, horde",3
horny,"ideas, group, north, horny",4
horse,"ideas, store, horse",3
hotel,"ideas, wrote, hotel",3
hotly,"ideas, group, month, hotly",4
hound,"ideas, would, found, round, bound, pound, mound, hound",8
house,"ideas, store, house",3
hovel,"ideas, wrote, money, voxel, hovel",5
hover,"ideas, wrote, poker, cover, lover, rover, mover, hover",8
howdy,"ideas, would, howdy",3
human,"ideas, local, human",3
humid,"ideas, child, humid",3
humor,"ideas, group, court, humor",4
humph,"ideas, group, punch, humph",4
humus,"ideas, cross, lupus, humus",4
hunch,"ideas, group, fully, bunch, munch, hunch",6
hunky,"ideas, group, fully, bunny, junky, hunky",6
hurry,"ideas, group, curry, hurry",4
husky,"ideas, south, husky",3
hussy,"ideas, south, husky, hussy",4
hutch,"ideas, group, fully, bunch, hutch",5
hydro,"ideas, would, hydro",3
hyena,"ideas, agent, hyena",3
hymen,"ideas, wrote, level, hymen",4
hyper,"ideas, wrote, reply, hyper",4
icily,"ideas, input, ivory, icily",4
icing,"ideas, input, irony, icing",4
ideal,"ideas, ideal",2
idiom,"ideas, idiot, idiom",3
idiot,"ideas, idiot",2
idler,"ideas, idler",2
idyll,"ideas, idiot, idyll",3
igloo,"ideas, input, ivory, igloo",4
iliac,"ideas, inlay, iliac",3
image,"ideas, image",2
imbue,"ideas, inner, imbue",3
impel,"ideas, inner, impel",3
imply,"ideas, input, imply",3
inane,"ideas, image, inane",3
inbox,"ideas, input, inbox",3
incur,"ideas, input, incur",3
index,"ideas, index",2
inept,"ideas, inert, inept",3
inert,"ideas, inert",2
infer,"ideas, inner, inter, infer",4
ingot,"ideas, input, ingot",3
inlay,"ideas, inlay",2
inlet,"ideas, inner, intel, inlet",4
inner,"ideas, inner",2
input,"ideas, input",2
inter,"ideas, inner, inter",3
intro,"ideas, input, intro",3
ionic,"ideas, input, irony, ionic",4
irate,"ideas, image, inane, irate",4
irony,"ideas, input, irony",3
islet,"ideas, issue, islet",3
issue,"ideas, issue",2
itchy,"ideas, input, itchy",3
ivory,"ideas, input, ivory",3
jaunt,"ideas, about, fault, haunt, gaunt, taunt, jaunt",7
jazzy,"ideas, about, march, nanny, wally, jazzy",6
jelly,"ideas, wrote, level, belly, kelly, nelly, jelly",7
jerky,"ideas, wrote, reply, kerry, jerky",5
jetty,"ideas, wrote, empty, lefty, jetty",5
jewel,"ideas, wrote, newly, jewel",4
jiffy,"ideas, which, login, fifty, jiffy",5
joint,"ideas, which, print, joint",4
joist,"ideas, first, twist, moist, hoist, joist",6
joker,"ideas, wrote, poker, joker",4
jolly,"ideas, group, month, bobby, jolly",5
joust,"ideas, south, joust",3
judge,"ideas, order, judge",3
juice,"ideas, price, voice, twice, juice",5
juicy,"ideas, which, click, juicy",4
jumbo,"ideas, group, youth, jumbo",4
jumpy,"ideas, group, punch, lumpy, jumpy",5
junta,"ideas, about, ultra, junta",4
junto,"ideas, group, youth, junto",4
juror,"ideas, group, court, humor, juror",5
kappa,"ideas, about, march, nanny, kappa",5
karma,"ideas, about, march, karma",4
kayak,"ideas, local, human, array, kayak",5
kebab,"ideas, legal, rehab, kebab",4
khaki,"ideas, again, khaki",3
kinky,"ideas, which, login, kinky",4
kiosk,"ideas, first, missy, kiosk",4
kitty,"ideas, which, login, fifty, kitty",5
knack,"ideas, about, march, knack",4
knave,"ideas, after, place, quake, knave",5
knead,"ideas, dream, ahead, plead, knead",5
kneed,"ideas, trend, kneed",3
kneel,"ideas, there, queen, kneel",4
knelt,"ideas, there, event, knelt",4
knife,"ideas, price, while, quite, knife",5
knock,"ideas, group, known, knock",4
knoll,"ideas, group, known, knock, knoll",5
known,"ideas, group, known",3
koala,"ideas, about, major, coach, koala",5
krill,"ideas, which, print, grill, brill, krill",6
label,"ideas, after, panel, label",4
labor,"ideas, about, labor",3
laden,"ideas, trade, laden",3
ladle,"ideas, trade, dance, badge, ladle",5
lager,"ideas, after, paper, layer, lager",5
lance,"ideas, after, place, lance",4
lanky,"ideas, about, march, nanny, lanky",5
lapel,"ideas, after, panel, lapel",4
lapse,"ideas, state, cause, false, lapse",5
large,"ideas, after, learn, large",4
larva,"ideas, about, march, parry, varna, larva",6
lasso,"ideas, small, palsy, lasso",4
latch,"ideas, about, party, watch, match, catch, hatch, latch",8
later,"ideas, after, water, later",4
lathe,"ideas, after, matte, lathe",4
latte,"ideas, after, matte, latte",4
laugh,"ideas, about, laugh",3
layer,"ideas, after, paper, layer",4
leach,"ideas, after, place, leach",4
leafy,"ideas, after, flame, leafy",4
leaky,"ideas, after, place, leaky",4
leant,"ideas, after, table, leapt, leant",5
leapt,"ideas, after, table, leapt",4
learn,"ideas, after, learn",3
lease,"ideas, state, phase, lease",4
leash,"ideas, state, leash",3
least,"ideas, state, least",3
leave,"ideas, after, place, leave",4
ledge,"ideas, order, judge, hedge, wedge, ledge",6
leech,"ideas, there, beech, leech",4
leery,"ideas, there, every, query, leery",5
lefty,"ideas, wrote, empty, lefty",4
legal,"ideas, legal",2
leggy,"ideas, wrote, level, leggy",4
lemon,"ideas, wrote, money, lemon",4
lemur,"ideas, wrote, reply, lever, lemur",5
leper,"ideas, wrote, reply, leper",4
level,"ideas, wrote, level",3
lever,"ideas, wrote, reply, lever",4
libel,"ideas, price, given, libel",4
liege,"ideas, their, piece, liege",4
light,"ideas, which, right, night, light",5
liken,"ideas, price, given, linen, liken",5
lilac,"ideas, final, lilac",3
limbo,"ideas, which, login, limbo",4
limit,"ideas, which, login, limit",4
linen,"ideas, price, given, linen",4
liner,"ideas, price, river, fiber, tiger, liner",6
lingo,"ideas, which, login, lingo",4
lipid,"ideas, child, fluid, lipid",4
lithe,"ideas, price, title, lithe",4
liver,"ideas, price, river, liver",4
livid,"ideas, child, fluid, lipid, livid",5
llama,"ideas, about, march, llama",4
loamy,"ideas, about, major, comma, foamy, loamy",6
loath,"ideas, about, tonga, loath",4
lobby,"ideas, group, month, bobby, lobby",5
local,"ideas, local",2
locus,"ideas, cross, focus, locus",4
lodge,"ideas, order, lodge",3
lofty,"ideas, group, month, lotto, lofty",5
logic,"ideas, which, topic, logic",4
login,"ideas, which, login",3
loopy,"ideas, group, photo, loopy",4
loose,"ideas, store, close, loose",4
lorry,"ideas, group, north, worry, lorry",5
loser,"ideas, store, loser",3
louse,"ideas, store, house, mouse, louse",5
lousy,"ideas, south, lousy",3
lover,"ideas, wrote, poker, cover, lover",5
lower,"ideas, wrote, power, lower",4
lowly,"ideas, group, month, bobby, jolly, lowly",6
loyal,"ideas, local, loyal",3
lucid,"ideas, child, lucid",3
lucky,"ideas, group, fully, lucky",4
lumen,"ideas, wrote, level, lumen",4
lumpy,"ideas, group, punch, lumpy",4
lunar,"ideas, local, lunar",3
lunch,"ideas, group, fully, lunch",4
lunge,"ideas, wrote, cycle, plume, bulge, lunge",6
lupus,"ideas, cross, lupus",3
lurch,"ideas, group, curry, lurch",4
lurid,"ideas, child, fluid, lurid",4
lusty,"ideas, south, busty, rusty, lusty",5
lying,"ideas, which, print, going, lying",5
lymph,"ideas, group, lymph",3
lynch,"ideas, group, lynch",3
lyric,"ideas, which, topic, civic, lyric",5
macaw,"ideas, local, macaw",3
macho,"ideas, about, major, mango, macho",5
macro,"ideas, about, major, macro",4
madam,"ideas, today, radar, madam",4
madly,"ideas, board, candy, madly",4
mafia,"ideas, again, ratio, maxim, mafia",5
magic,"ideas, again, magic",3
magma,"ideas, about, march, manga, magma",5
maize,"ideas, email, anime, maize",4
major,"ideas, about, major",3
maker,"ideas, after, paper, layer, maker",5
mambo,"ideas, about, labor, mambo",4
mamma,"ideas, about, march, manga, mamma",5
mammy,"ideas, about, march, manga, mammy",5
manga,"ideas, about, march, manga",4
mange,"ideas, after, place, maybe, mauve, mange",6
mango,"ideas, about, major, mango",4
mangy,"ideas, about, march, manga, mangy",5
mania,"ideas, again, panic, mania",4
manic,"ideas, again, panic, manic",4
manly,"ideas, about, march, manga, manly",5
manor,"ideas, about, major, mayor, manor",5
maple,"ideas, after, place, maple",4
march,"ideas, about, march",3
marry,"ideas, about, march, marry",4
marsh,"ideas, small, mason, marsh",4
mason,"ideas, small, mason",3
masse,"ideas, state, cause, false, parse, masse",6
match,"ideas, about, party, watch, match",5
matey,"ideas, after, latex, eaten, matey",5
mauve,"ideas, after, place, maybe, mauve",5
maxim,"ideas, again, ratio, maxim",4
maybe,"ideas, after, place, maybe",4
mayor,"ideas, about, major, mayor",4
mealy,"ideas, after, place, leaky, mealy",5
meant,"ideas, after, table, exact, meant",5
meaty,"ideas, after, table, exact, heath, meaty",6
mecca,"ideas, after, place, mecca",4
medal,"ideas, delay, medal",3
media,"ideas, media",2
medic,"ideas, video, medic",3
melee,"ideas, wrote, cycle, plume, melee",5
melon,"ideas, wrote, money, melon",4
mercy,"ideas, wrote, reply, kerry, mercy",5
merge,"ideas, wrote, genre, merge",4
merit,"ideas, price, river, merit",4
merry,"ideas, wrote, reply, kerry, jerry, ferry, berry, merry",8
metal,"ideas, legal, metal",3
meter,"ideas, wrote, enter, meter",4
metro,"ideas, wrote, other, metro",4
micro,"ideas, which, topic, micro",4
midge,"ideas, video, ridge, midge",4
midst,"ideas, solid, midst",3
might,"ideas, which, right, night, light, might",6
milky,"ideas, which, login, billy, milky",5
mimic,"ideas, which, topic, civic, mimic",5
mince,"ideas, price, wince, mince",4
miner,"ideas, price, river, fiber, tiger, liner, miner",7
minim,"ideas, which, login, unzip, minim",5
minor,"ideas, which, login, minor",4
minty,"ideas, which, login, kinky, minty",5
minus,"ideas, virus, minus",3
mirth,"ideas, which, birth, girth, mirth",5
miser,"ideas, since, riser, wiser, miser",5
missy,"ideas, first, missy",3
mocha,"ideas, about, major, momma, mocha",5
modal,"ideas, today, modal",3
model,"ideas, order, model",3
modem,"ideas, order, model, modem",4
mogul,"ideas, group, mogul",3
moist,"ideas, first, twist, moist",4
molar,"ideas, local, polar, molar",4
moldy,"ideas, would, dolor, moldy",4
money,"ideas, wrote, money",3
month,"ideas, group, month",3
moody,"ideas, would, donor, moody",4
moose,"ideas, store, close, whose, goose, moose",6
moral,"ideas, local, total, royal, moral",5
moron,"ideas, group, north, moron",4
morph,"ideas, group, porch, morph",4
mossy,"ideas, south, bosom, mossy",4
motel,"ideas, wrote, hotel, motel",4
motif,"ideas, which, login, motif",4
motor,"ideas, group, north, motor",4
motto,"ideas, group, month, motto",4
moult,"ideas, group, youth, count, moult",5
mound,"ideas, would, found, round, bound, pound, mound",7
mount,"ideas, group, youth, count, mount",5
mourn,"ideas, group, court, mourn",4
mouse,"ideas, store, house, mouse",4
mouth,"ideas, group, youth, mouth",4
mover,"ideas, wrote, poker, cover, lover, rover, mover",7
movie,"ideas, price, title, movie",4
mower,"ideas, wrote, power, lower, mower",5
mucky,"ideas, group, fully, bunny, mummy, mucky",6
mucus,"ideas, cross, mucus",3
muddy,"ideas, would, buddy, muddy",4
mulch,"ideas, group, fully, mulch",4
mummy,"ideas, group, fully, bunny, mummy",5
munch,"ideas, group, fully, bunch, munch",5
mural,"ideas, local, rural, mural",4
murky,"ideas, group, curry, murky",4
mushy,"ideas, south, husky, bushy, mushy",5
music,"ideas, first, music",3
musky,"ideas, south, pussy, musky",4
musty,"ideas, south, busty, rusty, lusty, musty",6
myrrh,"ideas, group, myrrh",3
nadir,"ideas, audio, radii, nadir",4
naive,"ideas, email, zaire, naive",4
nanny,"ideas, about, march, nanny",4
nasal,"ideas, sugar, assay, nasal",4
nasty,"ideas, small, nasty",3
natal,"ideas, local, rural, naval, natal",5
naval,"ideas, local, rural, naval",4
navel,"ideas, after, panel, navel",4
needy,"ideas, trend, needy",3
neigh,"ideas, price, being, neigh",4
nerdy,"ideas, order, derby, nerdy",4
nerve,"ideas, wrote, genre, nerve",4
never,"ideas, wrote, reply, never",4
newer,"ideas, wrote, fewer, newer",4
newly,"ideas, wrote, newly",3
nicer,"ideas, price, nicer",3
niche,"ideas, price, niche",3
niece,"ideas, their, piece, niece",4
night,"ideas, which, right, night",4
ninja,"ideas, again, china, ninja",4
ninny,"ideas, which, login, kinky, minty, ninny",6
ninth,"ideas, which, birth, fifth, ninth",5
noble,"ideas, wrote, noble",3
nobly,"ideas, group, month, colon, nobly",5
noise,"ideas, since, noise",3
noisy,"ideas, first, noisy",3
nomad,"ideas, today, nomad",3
noose,"ideas, store, close, whose, goose, moose, noose",7
north,"ideas, group, north",3
nosey,"ideas, store, posey, nosey",4
notch,"ideas, group, month, notch",4
novel,"ideas, wrote, money, novel",4
nudge,"ideas, order, judge, fudge, nudge",5
nurse,"ideas, store, nurse",3
nutty,"ideas, group, fully, bunny, nutty",5
nylon,"ideas, group, month, nylon",4
nymph,"ideas, group, lymph, nymph",4
oaken,"ideas, after, panel, haven, zazen, oaken",6
obese,"ideas, these, obese",3
occur,"ideas, group, forum, occur",4
ocean,"ideas, great, cheap, ocean",4
octal,"ideas, local, octal",3
octet,"ideas, wrote, hotel, often, octet",5
odder,"ideas, udder, odder",3
oddly,"ideas, oddly",2
offal,"ideas, local, offal",3
offer,"ideas, wrote, poker, offer",4
often,"ideas, wrote, hotel, often",4
olden,"ideas, order, olden",3
older,"ideas, order, older",3
olive,"ideas, price, while, elite, olive",5
ombre,"ideas, wrote, force, ombre",4
omega,"ideas, agent, omega",3
onion,"ideas, which, print, union, onion",5
onset,"ideas, store, onset",3
opera,"ideas, agent, opera",3
opine,"ideas, price, opine",3
opium,"ideas, which, print, opium",4
optic,"ideas, which, topic, optic",4
orbit,"ideas, which, login, orbit",4
order,"ideas, order",2
organ,"ideas, local, organ",3
other,"ideas, wrote, other",3
otter,"ideas, wrote, other, otter",4
ought,"ideas, group, young, ought",4
ounce,"ideas, wrote, noble, ounce",4
outdo,"ideas, would, outdo",3
outer,"ideas, wrote, other, outer",4
outgo,"ideas, group, young, ought, outgo",5
ovary,"ideas, about, major, roach, ovary",5
ovate,"ideas, after, table, ovate",4
overt,"ideas, there, exert, overt",4
ovine,"ideas, price, while, quite, knife, ovine",6
ovoid,"ideas, child, vivid, ovoid",4
owing,"ideas, which, owing",3
owner,"ideas, wrote, power, owner",4
oxide,"ideas, video, oxide",3
ozone,"ideas, wrote, phone, clone, ozone",5
paddy,"ideas, board, candy, daddy, paddy",5
pagan,"ideas, local, human, japan, pagan",5
paint,"ideas, again, china, paint",4
paler,"ideas, after, paper, payer, paler",5
palsy,"ideas, small, palsy",3
panel,"ideas, after, panel",3
panic,"ideas, again, panic",3
pansy,"ideas, small, nasty, pansy",4
papal,"ideas, local, rural, naval, fatal, papal",6
paper,"ideas, after, paper",3
parer,"ideas, after, paper, payer, paler, parer",6
parka,"ideas, about, march, parry, parka",5
parry,"ideas, about, march, parry",4
parse,"ideas, state, cause, false, parse",5
party,"ideas, about, party",3
pasta,"ideas, small, nasty, pasta",4
paste,"ideas, state, waste, taste, paste",5
pasty,"ideas, small, nasty, tasty, hasty, pasty",6
patch,"ideas, about, party, patch",4
patio,"ideas, again, ratio, patio",4
patsy,"ideas, small, nasty, patsy",4
patty,"ideas, about, party, panty, patty",5
pause,"ideas, state, cause, pause",4
payee,"ideas, after, panel, payee",4
payer,"ideas, after, paper, payer",4
peace,"ideas, after, place, peace",4
peach,"ideas, after, place, peach",4
pearl,"ideas, after, learn, pearl",4
pecan,"ideas, legal, rehab, pecan",4
pedal,"ideas, delay, medal, pedal",4
penal,"ideas, legal, metal, renal, penal",5
pence,"ideas, wrote, cycle, hence, fence, pence",6
penne,"ideas, wrote, cycle, venue, penne",5
penny,"ideas, wrote, level, bench, penny",5
perch,"ideas, wrote, reply, perch",4
peril,"ideas, price, piper, peril",4
perky,"ideas, wrote, reply, perry, perky",5
pesky,"ideas, store, welsh, pesky",4
pesto,"ideas, store, onset, pesto",4
petal,"ideas, legal, metal, fetal, petal",5
petty,"ideas, wrote, empty, petty",4
phase,"ideas, state, phase",3
phone,"ideas, wrote, phone",3
phony,"ideas, group, photo, phony",4
photo,"ideas, group, photo",3
piano,"ideas, again, piano",3
picky,"ideas, which, topic, picky",4
piece,"ideas, their, piece",3
piety,"ideas, their, piety",3
piggy,"ideas, which, login, piggy",4
pilot,"ideas, which, login, pilot",4
pinch,"ideas, which, pitch, pinch",4
piney,"ideas, price, pixel, piney",4
pinky,"ideas, which, login, kinky, pinky",5
pinto,"ideas, which, login, minor, pinto",5
piper,"ideas, price, piper",3
pique,"ideas, price, pixie, pique",4
pitch,"ideas, which, pitch",3
pithy,"ideas, which, right, litho, pithy",5
pivot,"ideas, which, login, pivot",4
pixel,"ideas, price, pixel",3
pixie,"ideas, price, pixie",3
pizza,"ideas, again, faith, villa, pizza",5
place,"ideas, after, place",3
plaid,"ideas, audio, valid, plaid",4
plain,"ideas, again, chain, brain, plain",5
plait,"ideas, again, chair, quail, plait",5
plane,"ideas, after, place, plane",4
plank,"ideas, about, march, plaza, plank",5
plant,"ideas, about, plant",3
plate,"ideas, after, table, plate",4
plaza,"ideas, about, march, plaza",4
plead,"ideas, dream, ahead, plead",4
pleat,"ideas, great, cheat, pleat",4
plied,"ideas, video, tried, flied, plied",5
plier,"ideas, price, plier",3
pluck,"ideas, group, punch, pluck",4
plumb,"ideas, group, punch, plumb",4
plume,"ideas, wrote, cycle, plume",4
plump,"ideas, group, plump",3
plunk,"ideas, group, punch, plunk",4
plush,"ideas, south, brush, flush, plush",5
poesy,"ideas, these, poesy",3
point,"ideas, which, print, point",4
poise,"ideas, since, guise, poise",4
poker,"ideas, wrote, poker",3
polar,"ideas, local, polar",3
polka,"ideas, about, major, coach, polka",5
polyp,"ideas, group, polyp",3
pooch,"ideas, group, photo, pooch",4
poppy,"ideas, group, poppy",3
porch,"ideas, group, porch",3
poser,"ideas, store, loser, poser",4
posit,"ideas, first, split, posit",4
posse,"ideas, store, house, posse",4
pouch,"ideas, group, pouch",3
pound,"ideas, would, found, round, bound, pound",6
pouty,"ideas, group, pouch, pouty",4
power,"ideas, wrote, power",3
prank,"ideas, about, march, frank, prank",5
prawn,"ideas, about, march, frank, prawn",5
preen,"ideas, there, green, preen",4
press,"ideas, press",2
price,"ideas, price",2
prick,"ideas, which, click, quick, trick, brick, prick",7
pride,"ideas, video, guide, pride",4
pried,"ideas, video, tried, dried, fried, cried, pried",7
prime,"ideas, price, prime",3
primo,"ideas, which, print, prior, primo",5
print,"ideas, which, print",3
prior,"ideas, which, print, prior",4
prism,"ideas, first, crisp, prism",4
privy,"ideas, which, print, prior, privy",5
prize,"ideas, price, prime, prize",4
probe,"ideas, wrote, prove, probe",4
prone,"ideas, wrote, prove, probe, prone",5
prong,"ideas, group, prong",3
proof,"ideas, group, proof",3
prose,"ideas, store, prose",3
proud,"ideas, would, proud",3
prove,"ideas, wrote, prove",3
prowl,"ideas, group, proof, proxy, promo, prowl",6
proxy,"ideas, group, proof, proxy",4
prude,"ideas, order, crude, prude",4
prune,"ideas, wrote, prune",3
psalm,"ideas, small, psalm",3
pubic,"ideas, which, topic, pubic",4
pudgy,"ideas, would, buddy, pudgy",4
puffy,"ideas, group, punch, puppy, puffy",5
pulpy,"ideas, group, punch, puppy, pulpy",5
pulse,"ideas, store, pulse",3
punch,"ideas, group, punch",3
pupal,"ideas, local, rural, tubal, pupal",5
pupil,"ideas, which, login, pupil",4
puppy,"ideas, group, punch, puppy",4
puree,"ideas, wrote, genre, curve, burke, puree",6
purer,"ideas, wrote, reply, purer",4
purge,"ideas, wrote, genre, purge",4
purse,"ideas, store, nurse, purse",4
pushy,"ideas, south, husky, bushy, mushy, pushy",6
putty,"ideas, group, punch, puppy, puffy, putty",6
pygmy,"ideas, group, pygmy",3
quack,"ideas, about, laugh, quark, quack",5
quail,"ideas, again, chair, quail",4
quake,"ideas, after, place, quake",4
qualm,"ideas, about, laugh, vulva, qualm",5
quark,"ideas, about, laugh, quark",4
quart,"ideas, about, fault, quart",4
quash,"ideas, small, coast, grasp, awash, quash",6
quasi,"ideas, basic, sigma, quasi",4
queen,"ideas, there, queen",3
queer,"ideas, there, green, queer",4
quell,"ideas, there, queen, quell",4
query,"ideas, there, every, query",4
quest,"ideas, these, guest, quest",4
queue,"ideas, there, queue",3
quick,"ideas, which, click, quick",4
quiet,"ideas, price, being, quiet",4
quill,"ideas, which, print, quill",4
quilt,"ideas, which, print, built, quilt",5
quirk,"ideas, which, print, quirk",4
quite,"ideas, price, while, quite",4
quota,"ideas, about, quota",3
quote,"ideas, wrote, quote",3
quoth,"ideas, group, quoth",3
rabbi,"ideas, again, faith, rabbi",4
rabid,"ideas, audio, valid, rapid, rabid",5
racer,"ideas, after, paper, layer, maker, eager, racer",7
radar,"ideas, today, radar",3
radii,"ideas, audio, radii",3
radio,"ideas, audio, radio",3
rainy,"ideas, again, china, paint, rainy",5
raise,"ideas, raise",2
rajah,"ideas, local, human, rajah",4
rally,"ideas, about, march, rally",4
ralph,"ideas, about, march, ralph",4
ramen,"ideas, after, raven, ramen",4
ranch,"ideas, about, march, ranch",4
randy,"ideas, board, randy",3
range,"ideas, after, learn, range",4
rapid,"ideas, audio, valid, rapid",4
rarer,"ideas, after, paper, layer, maker, eager, racer, razer, rarer",9
raspy,"ideas, small, nasty, raspy",4
ratio,"ideas, again, ratio",3
ratty,"ideas, about, party, ratty",4
raven,"ideas, after, raven",3
rayon,"ideas, about, major, carol, rayon",5
razor,"ideas, about, major, favor, razor",5
reach,"ideas, after, learn, reach",4
react,"ideas, after, heart, react",4
ready,"ideas, trade, ready",3
realm,"ideas, after, learn, realm",4
rearm,"ideas, after, learn, weary, rearm",5
rebar,"ideas, legal, rehab, rebar",4
rebel,"ideas, wrote, reply, rebel",4
rebus,"ideas, zones, fetus, rebus",4
rebut,"ideas, wrote, enter, terry, rebut",5
recap,"ideas, legal, rehab, recap",4
recur,"ideas, wrote, reply, refer, recur",5
recut,"ideas, wrote, enter, terry, rebut, recut",6
reedy,"ideas, trend, deere, reedy",4
refer,"ideas, wrote, reply, refer",4
refit,"ideas, price, river, remit, refit",5
regal,"ideas, legal, regal",3
rehab,"ideas, legal, rehab",3
reign,"ideas, price, reign",3
relax,"ideas, legal, relay, relax",4
relay,"ideas, legal, relay",3
relic,"ideas, price, nicer, relic",4
remit,"ideas, price, river, remit",4
renal,"ideas, legal, metal, renal",4
renew,"ideas, wrote, fewer, renew",4
repay,"ideas, legal, rehab, recap, repay",5
repel,"ideas, wrote, reply, repel",4
reply,"ideas, wrote, reply",3
rerun,"ideas, wrote, reply, refer, rerun",5
reset,"ideas, store, reset",3
resin,"ideas, since, resin",3
retch,"ideas, wrote, enter, retry, retch",5
retro,"ideas, wrote, other, metro, retro",5
retry,"ideas, wrote, enter, retry",4
reuse,"ideas, store, nurse, reuse",4
revel,"ideas, wrote, reply, rebel, revel",5
revue,"ideas, wrote, genre, revue",4
rhino,"ideas, which, think, rhino",4
rhyme,"ideas, wrote, genre, curve, rhyme",5
rider,"ideas, video, rider",3
ridge,"ideas, video, ridge",3
rifle,"ideas, price, fibre, rifle",4
right,"ideas, which, right",3
rigid,"ideas, child, vivid, rigid",4
rigor,"ideas, which, login, vigor, rigor",5
rinse,"ideas, since, rinse",3
ripen,"ideas, price, viper, ripen",4
riper,"ideas, price, viper, wiper, riper",5
risen,"ideas, since, risen",3
riser,"ideas, since, riser",3
risky,"ideas, first, risky",3
rival,"ideas, final, vital, rival",4
river,"ideas, price, river",3
rivet,"ideas, price, river, rivet",4
roach,"ideas, about, major, roach",4
roast,"ideas, small, coast, toast, roast",5
robin,"ideas, which, login, robin",4
robot,"ideas, group, north, motor, robot",5
rocky,"ideas, group, north, color, rocky",5
rodeo,"ideas, order, rodeo",3
roger,"ideas, wrote, poker, cover, roger",5
rogue,"ideas, wrote, force, rouge, rogue",5
roomy,"ideas, group, floor, thorn, roomy",5
roost,"ideas, south, worst, roost",4
rotor,"ideas, group, north, motor, rotor",5
rouge,"ideas, wrote, force, rouge",4
rough,"ideas, group, rough",3
round,"ideas, would, found, round",4
rouse,"ideas, store, horse, rouse",4
route,"ideas, wrote, route",3
rover,"ideas, wrote, poker, cover, lover, rover",6
rowdy,"ideas, would, howdy, rowdy",4
rower,"ideas, wrote, power, lower, mower, rower",6
royal,"ideas, local, total, royal",4
ruddy,"ideas, would, buddy, muddy, ruddy",5
ruder,"ideas, order, under, ruder",4
rugby,"ideas, group, rugby",3
ruler,"ideas, wrote, reply, ruler",4
rumba,"ideas, about, rumba",3
rumor,"ideas, group, court, humor, rumor",5
rupee,"ideas, wrote, genre, curve, rupee",5
rural,"ideas, local, rural",3
rusty,"ideas, south, busty, rusty",4
sadly,"ideas, stand, sadly",3
safer,"ideas, state, safer",3
saint,"ideas, basic, saint",3
salad,"ideas, salad",2
sally,"ideas, small, sally",3
salon,"ideas, small, salon",3
salsa,"ideas, small, salon, salsa",4
salty,"ideas, small, salon, salsa, salty",5
salve,"ideas, state, sauce, salve",4
salvo,"ideas, small, salon, salvo",4
sandy,"ideas, stand, sandy",3
saner,"ideas, state, safer, sayer, saner",5
sappy,"ideas, small, scuba, savvy, sassy, saggy, sappy",7
sassy,"ideas, small, scuba, savvy, sassy",5
satin,"ideas, basic, satin",3
satyr,"ideas, small, scuba, savvy, satyr",5
sauce,"ideas, state, sauce",3
saucy,"ideas, small, scuba, saucy",4
sauna,"ideas, small, scuba, sauna",4
saute,"ideas, state, saute",3
savor,"ideas, small, scuba, savvy, savor",5
savoy,"ideas, small, scuba, savvy, savoy",5
savvy,"ideas, small, scuba, savvy",4
scald,"ideas, stand, shard, scald",4
scale,"ideas, state, space, scale",4
scalp,"ideas, small, shalt, scalp",4
scaly,"ideas, small, shalt, scalp, scala, scaly",6
scamp,"ideas, small, stamp, swamp, scamp",5
scant,"ideas, small, start, shaft, scant",5
scare,"ideas, state, space, scale, scare",5
scarf,"ideas, small, start, sharp, scary, scarf",6
scary,"ideas, small, start, sharp, scary",5
scene,"ideas, these, scene",3
scent,"ideas, these, steel, spent, scent",5
scion,"ideas, first, music, spicy, scion",5
scoff,"ideas, south, scoop, scorn, scoff",5
scold,"ideas, study, sword, scold",4
scone,"ideas, store, scope, scone",4
scoop,"ideas, south, scoop",3
scope,"ideas, store, scope",3
score,"ideas, store, score",3
scorn,"ideas, south, scoop, scorn",4
scour,"ideas, south, scour",3
scout,"ideas, south, scout",3
scowl,"ideas, south, scoop, scorn, scoff, scowl",6
scram,"ideas, sugar, spray, straw, scram",5
scrap,"ideas, sugar, spray, strap, scrap",5
scree,"ideas, store, serve, surge, spree, scree",6
screw,"ideas, store, super, screw",4
scrub,"ideas, south, sunny, scrub",4
scrum,"ideas, south, sunny, scrub, scrum",5
scuba,"ideas, small, scuba",3
sedan,"ideas, sedan",2
seedy,"ideas, speed, suede, seedy",4
segue,"ideas, store, sense, segue",4
seize,"ideas, since, suite, smile, spike, shire, seize",7
semen,"ideas, store, seven, semen",4
sense,"ideas, store, sense",3
sepia,"ideas, raise, sepia",3
serif,"ideas, since, serif",3
serum,"ideas, store, super, serum",4
serve,"ideas, store, serve",3
setup,"ideas, store, setup",3
seven,"ideas, store, seven",3
sever,"ideas, store, super, sewer, sever",5
sewer,"ideas, store, super, sewer",4
shack,"ideas, small, start, spank, shack",5
shade,"ideas, shade",2
shady,"ideas, stand, shady",3
shaft,"ideas, small, start, shaft",4
shake,"ideas, state, space, share, shake",5
shaky,"ideas, small, start, spank, shaky",5
shale,"ideas, state, space, share, shake, shame, shave, shale",8
shall,"ideas, small, shall",3
shalt,"ideas, small, shalt",3
shame,"ideas, state, space, share, shake, shame",6
shank,"ideas, small, start, spank, shank",5
shape,"ideas, state, space, shape",4
shard,"ideas, stand, shard",3
share,"ideas, state, space, share",4
shark,"ideas, small, start, sharp, shark",5
sharp,"ideas, small, start, sharp",4
shave,"ideas, state, space, share, shake, shame, shave",7
shawl,"ideas, small, shawl",3
shear,"ideas, speak, steam, swear, shear",5
sheen,"ideas, these, shell, sheep, sheer, sheen",6
sheep,"ideas, these, shell, sheep",4
sheer,"ideas, these, shell, sheep, sheer",5
sheet,"ideas, these, sheet",3
sheik,"ideas, stein, sheik",3
shelf,"ideas, these, shell, shelf",4
shell,"ideas, these, shell",3
shied,"ideas, slide, spied, shied",4
shift,"ideas, first, shift",3
shine,"ideas, since, shine",3
shiny,"ideas, first, music, skill, swing, shiny",6
shire,"ideas, since, suite, smile, spike, shire",6
shirk,"ideas, first, swirl, smirk, shirk",5
shirt,"ideas, first, shirt",3
shoal,"ideas, sugar, shoal",3
shock,"ideas, south, shown, shock",4
shone,"ideas, store, scope, smoke, shove, shone",6
shook,"ideas, south, shown, shock, shook",5
shoot,"ideas, south, short, shoot",4
shore,"ideas, store, score, shore",4
shorn,"ideas, south, shown, shorn",4
short,"ideas, south, short",3
shout,"ideas, south, shout",3
shove,"ideas, store, scope, smoke, shove",5
shown,"ideas, south, shown",3
showy,"ideas, south, shown, showy",4
shrew,"ideas, store, super, screw, shrew",5
shrub,"ideas, south, shrub",3
shrug,"ideas, south, shrub, shrug",4
shuck,"ideas, south, shuck",3
shunt,"ideas, south, shunt",3
shush,"ideas, south, slush, shush",4
shyly,"ideas, south, shyly",3
siege,"ideas, stein, siege",3
sieve,"ideas, stein, siege, sieve",4
sight,"ideas, first, visit, sight",4
sigma,"ideas, basic, sigma",3
silky,"ideas, first, silly, silky",4
silly,"ideas, first, silly",3
since,"ideas, since",2
sinew,"ideas, since, sinew",3
singe,"ideas, since, singe",3
siren,"ideas, since, siren",3
sissy,"ideas, first, missy, sissy",4
sixth,"ideas, first, sixth",3
sixty,"ideas, first, sixth, sixty",4
skate,"ideas, state, skate",3
skier,"ideas, since, serif, skier",4
skiff,"ideas, first, sniff, skiff",4
skill,"ideas, first, music, skill",4
skimp,"ideas, first, music, slimy, skimp",5
skirt,"ideas, first, shirt, skirt",4
skulk,"ideas, south, skull, skulk",4
skull,"ideas, south, skull",3
skunk,"ideas, south, skull, skunk",4
slack,"ideas, small, slash, slack",4
slain,"ideas, basic, stain, spain, slain",5
slang,"ideas, small, slash, slack, slang",5
slant,"ideas, small, slash, slack, slang, slant",6
slash,"ideas, small, slash",3
slate,"ideas, state, skate, slate",4
slave,"ideas, state, space, share, slave",5
sleek,"ideas, these, sleep, sleek",4
sleep,"ideas, these, sleep",3
sleet,"ideas, these, steel, sleet",4
slept,"ideas, these, steel, slept",4
slice,"ideas, since, spice, slice",4
slick,"ideas, first, music, spicy, slick",5
slide,"ideas, slide",2
slime,"ideas, since, suite, smile, slime",5
slimy,"ideas, first, music, slimy",4
sling,"ideas, first, music, skill, sling",5
slink,"ideas, first, music, skill, slink",5
sloop,"ideas, south, scoop, snoop, swoop, sloop",6
slope,"ideas, store, scope, slope",4
slosh,"ideas, south, slosh",3
sloth,"ideas, south, sloth",3
slump,"ideas, south, skull, slump",4
slung,"ideas, south, skull, slump, slung",5
slunk,"ideas, south, skull, slunk",4
slurp,"ideas, south, skull, slump, slurp",5
slush,"ideas, south, slush",3
slyly,"ideas, south, slyly",3
smack,"ideas, small, smart, smash, smack",5
small,"ideas, small",2
smart,"ideas, small, smart",3
smash,"ideas, small, smart, smash",4
smear,"ideas, speak, steam, smear",4
smell,"ideas, these, sleep, smell",4
smelt,"ideas, these, steel, slept, smelt",5
smile,"ideas, since, suite, smile",4
smirk,"ideas, first, swirl, smirk",4
smite,"ideas, since, suite, spite, smite",5
smith,"ideas, first, still, smith",4
smock,"ideas, south, scoop, smock",4
smoke,"ideas, store, scope, smoke",4
smoky,"ideas, south, scoop, sworn, smoky",5
smote,"ideas, store, smote",3
snack,"ideas, small, start, spank, snack",5
snail,"ideas, basic, stain, snail",4
snake,"ideas, state, space, share, slave, snake",6
snaky,"ideas, small, start, spank, snaky",5
snare,"ideas, state, space, share, snare",5
snarl,"ideas, small, shawl, snarl",4
sneak,"ideas, speak, steak, sneak",4
sneer,"ideas, these, sleep, sneer",4
snide,"ideas, slide, snide",3
sniff,"ideas, first, sniff",3
snipe,"ideas, since, shine, snipe",4
snoop,"ideas, south, scoop, snoop",4
snore,"ideas, store, score, shore, swore, spore, snore",7
snort,"ideas, south, stock, sport, snort",5
snout,"ideas, south, scout, stout, spout, snout",6
snowy,"ideas, south, scoop, sworn, snowy",5
snuck,"ideas, south, skull, spunk, snuck",5
snuff,"ideas, south, skull, swung, snuff",5
soapy,"ideas, small, start, spank, soapy",5
sober,"ideas, store, sober",3
soggy,"ideas, south, sorry, soggy",4
solar,"ideas, sugar, solar",3
solid,"ideas, solid",2
solve,"ideas, store, solve",3
sonar,"ideas, sugar, solar, sonar",4
sonic,"ideas, first, music, sonic",4
sooth,"ideas, south, sooth",3
sooty,"ideas, south, sooty",3
sorry,"ideas, south, sorry",3
sound,"ideas, study, sound",3
south,"ideas, south",2
sower,"ideas, store, sober, sower",4
space,"ideas, state, space",3
spade,"ideas, shade, spade",3
spank,"ideas, small, start, spank",4
spare,"ideas, state, space, spare",4
spark,"ideas, small, start, sharp, spark",5
spasm,"ideas, small, stamp, spasm",4
spawn,"ideas, small, start, spank, spawn",5
speak,"ideas, speak",2
spear,"ideas, speak, spear",3
speck,"ideas, these, sleep, sperm, speck",5
speed,"ideas, speed",2
spell,"ideas, these, sleep, spell",4
spelt,"ideas, these, steel, slept, spelt",5
spend,"ideas, speed, spend",3
spent,"ideas, these, steel, spent",4
sperm,"ideas, these, sleep, sperm",4
spice,"ideas, since, spice",3
spicy,"ideas, first, music, spicy",4
spied,"ideas, slide, spied",3
spiel,"ideas, since, serif, spiel",4
spike,"ideas, since, suite, smile, spike",5
spiky,"ideas, first, music, skill, spink, spiky",6
spill,"ideas, first, music, skill, spill",5
spilt,"ideas, first, split, spilt",4
spine,"ideas, since, shine, spine",4
spiny,"ideas, first, music, skill, swing, shiny, spiny",7
spire,"ideas, since, suite, smile, spike, spire",6
spite,"ideas, since, suite, spite",4
splat,"ideas, sugar, shoal, splat",4
split,"ideas, first, split",3
spoil,"ideas, first, music, spoil",4
spoke,"ideas, store, scope, spoke",4
spoof,"ideas, south, scoop, spoon, spool, spoof",6
spook,"ideas, south, scoop, spoon, spool, spoof, spook",7
spool,"ideas, south, scoop, spoon, spool",5
spoon,"ideas, south, scoop, spoon",4
spore,"ideas, store, score, shore, swore, spore",6
sport,"ideas, south, stock, sport",4
spout,"ideas, south, scout, stout, spout",5
spray,"ideas, sugar, spray",3
spree,"ideas, store, serve, surge, spree",5
sprig,"ideas, first, sprig",3
spunk,"ideas, south, skull, spunk",4
spurn,"ideas, south, skull, swung, snuff, spurn",6
spurt,"ideas, south, stuff, spurt",4
squad,"ideas, salad, squad",3
squat,"ideas, sugar, squat",3
squib,"ideas, first, music, squib",4
stack,"ideas, small, start, staff, stack",5
staff,"ideas, small, start, staff",4
stage,"ideas, state, stage",3
staid,"ideas, daisy, staid",3
stain,"ideas, basic, stain",3
stair,"ideas, basic, stain, stair",4
stake,"ideas, state, stage, stake",4
stale,"ideas, state, stage, stake, stare, stale",6
stalk,"ideas, small, shalt, stalk",4
stall,"ideas, small, shall, stall",4
stamp,"ideas, small, stamp",3
stand,"ideas, stand",2
stank,"ideas, small, start, staff, stack, stank",6
stare,"ideas, state, stage, stake, stare",5
stark,"ideas, small, start, stark",4
start,"ideas, small, start",3
stash,"ideas, small, start, staff, stack, stash",6
state,"ideas, state",2
stave,"ideas, state, stage, stake, stare, stale, stave",7
stead,"ideas, stead",2
steak,"ideas, speak, steak",3
steal,"ideas, speak, steam, steal",4
steam,"ideas, speak, steam",3
steed,"ideas, speed, steed",3
steel,"ideas, these, steel",3
steep,"ideas, these, steel, steep",4
steer,"ideas, these, steel, steep, steer",5
stein,"ideas, stein",2
stern,"ideas, these, steel, stern",4
stick,"ideas, first, still, stick",4
stiff,"ideas, first, stiff",3
still,"ideas, first, still",3
stilt,"ideas, first, split, stilt",4
sting,"ideas, first, still, stick, sting",5
stink,"ideas, first, still, stick, stink",5
stint,"ideas, first, split, stint",4
stock,"ideas, south, stock",3
stoic,"ideas, first, still, stoic",4
stoke,"ideas, store, stone, stove, stole, stoke",6
stole,"ideas, store, stone, stove, stole",5
stomp,"ideas, south, stock, story, stool, stomp",6
stone,"ideas, store, stone",3
stony,"ideas, south, stock, story, stony",5
stood,"ideas, study, stood",3
stool,"ideas, south, stock, story, stool",5
stoop,"ideas, south, stock, story, stool, stoop",6
store,"ideas, store",2
stork,"ideas, south, stock, stork",4
storm,"ideas, south, stock, story, storm",5
story,"ideas, south, stock, story",4
stout,"ideas, south, scout, stout",4
stove,"ideas, store, stone, stove",4
strap,"ideas, sugar, spray, strap",4
straw,"ideas, sugar, spray, straw",4
stray,"ideas, sugar, spray, stray",4
strip,"ideas, first, strip",3
strut,"ideas, south, strut",3
stuck,"ideas, south, stuff, stuck",4
study,"ideas, study",2
stuff,"ideas, south, stuff",3
stump,"ideas, south, stuff, stuck, stunt, stump",6
stung,"ideas, south, stuff, stuck, stunt, stung",6
stunk,"ideas, south, stuff, stuck, stunk",5
stunt,"ideas, south, stuff, stuck, stunt",5
style,"ideas, store, style",3
suave,"ideas, state, space, share, slave, suave",6
sugar,"ideas, sugar",2
suing,"ideas, first, music, suing",4
suite,"ideas, since, suite",3
sulky,"ideas, south, sunny, sully, sulky",5
sully,"ideas, south, sunny, sully",4
sumac,"ideas, sugar, sumac",3
sunny,"ideas, south, sunny",3
super,"ideas, store, super",3
surer,"ideas, store, super, suber, surer",5
surge,"ideas, store, serve, surge",4
surly,"ideas, south, sunny, sully, surly",5
sushi,"ideas, first, music, sushi",4
swami,"ideas, basic, sigma, swami",4
swamp,"ideas, small, stamp, swamp",4
swarm,"ideas, small, stamp, swarm",4
swash,"ideas, small, start, spank, swash",5
swath,"ideas, small, start, swath",4
swear,"ideas, speak, steam, swear",4
sweat,"ideas, speak, steam, sweat",4
sweep,"ideas, these, sleep, sweep",4
sweet,"ideas, these, steel, sweet",4
swell,"ideas, these, sleep, smell, swell",5
swept,"ideas, these, steel, spent, swept",5
swift,"ideas, first, shift, swift",4
swill,"ideas, first, music, skill, spill, shill, swill",7
swine,"ideas, since, shine, spine, swine",5
swing,"ideas, first, music, skill, swing",5
swirl,"ideas, first, swirl",3
swish,"ideas, first, noisy, swish",4
swoon,"ideas, south, scoop, swoon",4
swoop,"ideas, south, scoop, snoop, swoop",5
sword,"ideas, study, sword",3
swore,"ideas, store, score, shore, swore",5
sworn,"ideas, south, scoop, sworn",4
swung,"ideas, south, skull, swung",4
synod,"ideas, study, synod",3
syrup,"ideas, south, sunny, syrup",4
tabby,"ideas, about, batch, tabby",4
table,"ideas, after, table",3
taboo,"ideas, about, baton, taboo",4
tacit,"ideas, again, ratio, habit, tacit",5
tacky,"ideas, about, party, tally, tawny, tammy, tacky",7
taffy,"ideas, about, party, tally, tawny, tammy, tacky, taffy",8
taint,"ideas, again, china, paint, faint, taint",6
taken,"ideas, after, taken",3
taker,"ideas, after, taper, taker",4
tally,"ideas, about, party, tally",4
talon,"ideas, about, tonga, taxon, talon",5
tamer,"ideas, after, taper, taker, tamer",5
tango,"ideas, about, tonga, tango",4
tangy,"ideas, about, party, tally, tawny, tangy",6
taper,"ideas, after, taper",3
tapir,"ideas, again, ratio, tapir",4
tardy,"ideas, board, randy, hardy, tardy",5
tarot,"ideas, about, tarot",3
taste,"ideas, state, waste, taste",4
tasty,"ideas, small, nasty, tasty",4
tatty,"ideas, about, party, fatty, natty, tatty",6
taunt,"ideas, about, fault, haunt, gaunt, taunt",6
tawny,"ideas, about, party, tally, tawny",5
teach,"ideas, after, table, teach",4
teary,"ideas, after, heart, teary",4
tease,"ideas, state, tease",3
teddy,"ideas, order, judge, teddy",4
teeth,"ideas, there, teeth",3
tempo,"ideas, wrote, hotel, tempo",4
tenet,"ideas, wrote, fetch, telex, tenet",5
tenor,"ideas, wrote, other, tenor",4
tense,"ideas, store, tense",3
tenth,"ideas, wrote, empty, tenth",4
tepee,"ideas, wrote, thyme, tuple, tepee",5
tepid,"ideas, video, guide, denim, tepid",5
terra,"ideas, after, heart, terra",4
terse,"ideas, store, terse",3
testy,"ideas, store, upset, zesty, testy",5
thank,"ideas, about, party, thank",4
theft,"ideas, there, theft",3
their,"ideas, their",2
theme,"ideas, there, theme",3
there,"ideas, there",2
these,"ideas, these",2
theta,"ideas, agent, theta",3
thick,"ideas, which, thick",3
thief,"ideas, price, being, quiet, thief",5
thigh,"ideas, which, thigh",3
thing,"ideas, which, think, thing",4
think,"ideas, which, think",3
third,"ideas, child, third",3
thong,"ideas, group, thong",3
thorn,"ideas, group, floor, thorn",4
those,"ideas, store, those",3
three,"ideas, wrote, three",3
threw,"ideas, wrote, threw",3
throb,"ideas, group, north, throw, throb",5
throw,"ideas, group, north, throw",4
thrum,"ideas, group, thrum",3
thumb,"ideas, group, fully, chuck, thumb",5
thump,"ideas, group, plump, thump",4
thyme,"ideas, wrote, thyme",3
tiara,"ideas, again, khaki, tiara",4
tibia,"ideas, again, ratio, tibia",4
tidal,"ideas, tidal",2
tiger,"ideas, price, river, fiber, tiger",5
tight,"ideas, which, right, night, light, might, fight, tight",8
tilde,"ideas, video, dixie, tilde",4
timer,"ideas, price, river, fiber, tiger, timer",6
timid,"ideas, child, vivid, rigid, timid",5
tipsy,"ideas, first, tipsy",3
titan,"ideas, final, titan",3
tithe,"ideas, price, title, tithe",4
title,"ideas, price, title",3
toast,"ideas, small, coast, toast",4
today,"ideas, today",2
toddy,"ideas, would, donor, moody, toddy",5
token,"ideas, wrote, hotel, token",4
tonal,"ideas, local, total, tonal",4
tonga,"ideas, about, tonga",3
tonic,"ideas, which, topic, toxic, tonic",5
tooth,"ideas, group, known, booty, tooth",5
topaz,"ideas, local, woman, torah, topaz",5
topic,"ideas, which, topic",3
torch,"ideas, group, north, torch",4
torso,"ideas, south, worst, torso",4
torus,"ideas, cross, yours, torus",4
total,"ideas, local, total",3
totem,"ideas, wrote, hotel, totem",4
touch,"ideas, group, youth, touch",4
tough,"ideas, group, young, tough",4
towel,"ideas, wrote, towel",3
tower,"ideas, wrote, tower",3
toxic,"ideas, which, topic, toxic",4
toxin,"ideas, which, login, robin, toxin",5
trace,"ideas, after, heart, trace",4
track,"ideas, about, party, track",4
tract,"ideas, about, plant, chart, tract",5
trade,"ideas, trade",2
trail,"ideas, again, chair, trail",4
train,"ideas, again, chain, brain, train",5
trait,"ideas, again, chair, trail, trait",5
tramp,"ideas, about, party, tramp",4
trash,"ideas, small, coast, trash",4
trawl,"ideas, about, party, track, trawl",5
tread,"ideas, dream, bread, tread",4
treat,"ideas, great, treat",3
trend,"ideas, trend",2
triad,"ideas, tidal, triad",3
trial,"ideas, final, trial",3
tribe,"ideas, price, write, tribe",4
trice,"ideas, price, trice",3
trick,"ideas, which, click, quick, trick",5
tried,"ideas, video, tried",3
tripe,"ideas, price, gripe, tripe",4
trite,"ideas, price, write, trite",4
troll,"ideas, group, front, troll",4
troop,"ideas, group, troop",3
trope,"ideas, wrote, trove, trope",4
trout,"ideas, group, trout",3
trove,"ideas, wrote, trove",3
truce,"ideas, wrote, truce",3
truck,"ideas, group, truth, truck",4
truer,"ideas, wrote, erupt, truer",4
truly,"ideas, group, truth, truck, truly",5
trump,"ideas, group, trump",3
trunk,"ideas, group, truth, truck, trunk",5
truss,"ideas, cross, truss",3
trust,"ideas, south, trust",3
truth,"ideas, group, truth",3
tryst,"ideas, south, tryst",3
tubal,"ideas, local, rural, tubal",4
tuber,"ideas, wrote, enter, tyler, tuber",5
tulip,"ideas, which, login, pupil, tulip",5
tulle,"ideas, wrote, thyme, tuple, tulle",5
tumor,"ideas, group, court, turbo, tumor",5
tunic,"ideas, which, topic, tunic",4
turbo,"ideas, group, court, turbo",4
tutor,"ideas, group, court, turbo, tumor, tutor",6
twang,"ideas, about, party, thank, twang",5
tweak,"ideas, great, tweak",3
tweed,"ideas, trend, tweed",3
tweet,"ideas, there, tweet",3
twice,"ideas, price, voice, twice",4
twine,"ideas, price, while, twine",4
twirl,"ideas, which, owing, twirl",4
twist,"ideas, first, twist",3
twixt,"ideas, which, owing, twirl, twixt",5
tying,"ideas, which, print, tying",4
udder,"ideas, udder",2
ulcer,"ideas, wrote, reply, ulcer",4
ultra,"ideas, about, ultra",3
umbra,"ideas, about, rumba, umbra",4
uncle,"ideas, wrote, cycle, uncle",4
uncut,"ideas, group, uncut",3
under,"ideas, order, under",3
undid,"ideas, child, vivid, druid, undid",5
undue,"ideas, order, judge, undue",4
unfed,"ideas, order, duvet, upped, unwed, unfed",6
unfit,"ideas, which, login, unzip, unfit",5
unify,"ideas, which, print, union, unify",5
union,"ideas, which, print, union",4
unite,"ideas, price, while, quite, unite",5
unity,"ideas, which, print, unity",4
unlit,"ideas, which, login, until, unlit",5
unmet,"ideas, wrote, fetch, unmet",4
unset,"ideas, store, upset, unset",4
untie,"ideas, price, title, untie",4
until,"ideas, which, login, until",4
unwed,"ideas, order, duvet, upped, unwed",5
unzip,"ideas, which, login, unzip",4
upper,"ideas, wrote, reply, upper",4
upset,"ideas, store, upset",3
urban,"ideas, local, human, urban",4
urine,"ideas, price, write, urine",4
usage,"ideas, state, phase, usage",4
usher,"ideas, store, usher",3
using,"ideas, first, music, using",4
usual,"ideas, sugar, usual",3
usurp,"ideas, south, usury, usurp",4
utile,"ideas, price, while, exile, guile, utile",6
utter,"ideas, wrote, enter, meter, utter",5
vague,"ideas, after, place, maybe, gauge, vague",6
valet,"ideas, after, taken, valet",4
valid,"ideas, audio, valid",3
valor,"ideas, about, major, favor, vapor, valor",6
value,"ideas, after, place, value",4
valve,"ideas, after, place, value, valve",5
vapid,"ideas, audio, valid, vapid",4
vapor,"ideas, about, major, favor, vapor",5
vault,"ideas, about, fault, vault",4
vaunt,"ideas, about, fault, haunt, gaunt, taunt, jaunt, vaunt",8
vegan,"ideas, legal, began, vegan",4
venom,"ideas, wrote, money, venom",4
venue,"ideas, wrote, cycle, venue",4
verge,"ideas, wrote, genre, merge, verge",5
verse,"ideas, store, nurse, verse",4
verso,"ideas, store, loser, verso",4
verve,"ideas, wrote, genre, revue, verve",5
vicar,"ideas, final, cigar, vicar",4
video,"ideas, video",2
vigil,"ideas, which, login, vigil",4
vigor,"ideas, which, login, vigor",4
villa,"ideas, again, faith, villa",4
vinyl,"ideas, which, login, vinyl",4
viola,"ideas, again, faith, villa, viola",5
viper,"ideas, price, viper",3
viral,"ideas, final, vital, viral",4
virus,"ideas, virus",2
visit,"ideas, first, visit",3
visor,"ideas, first, risky, visor",4
vista,"ideas, basic, vista",3
vital,"ideas, final, vital",3
vivid,"ideas, child, vivid",3
vixen,"ideas, price, given, vixen",4
vocal,"ideas, local, vocal",3
vodka,"ideas, board, honda, vodka",4
vogue,"ideas, wrote, noble, coupe, vogue",5
voice,"ideas, price, voice",3
voila,"ideas, again, faith, prima, voila",5
vomit,"ideas, which, login, motif, vomit",5
voter,"ideas, wrote, other, voter",4
vouch,"ideas, group, youth, couch, vouch",5
vowel,"ideas, wrote, below, vowel",4
vying,"ideas, which, print, going, lying, vying",6
wacky,"ideas, about, march, wacky",4
wafer,"ideas, after, wafer",3
wager,"ideas, after, paper, layer, maker, eager, wager",7
wagon,"ideas, about, major, canon, wagon",5
waist,"ideas, basic, saint, waist",4
waive,"ideas, email, zaire, naive, waive",5
waltz,"ideas, about, party, waltz",4
warty,"ideas, about, party, warty",4
waste,"ideas, state, waste",3
watch,"ideas, about, party, watch",4
water,"ideas, after, water",3
waver,"ideas, after, paper, layer, maker, eager, racer, waver",8
waxen,"ideas, after, panel, haven, zazen, oaken, waxen",7
weary,"ideas, after, learn, weary",4
weave,"ideas, after, place, quake, weave",5
wedge,"ideas, order, judge, hedge, wedge",5
weedy,"ideas, trend, dwell, weedy",4
weigh,"ideas, price, being, weigh",4
weird,"ideas, video, guide, weird",4
welch,"ideas, wrote, welch",3
welsh,"ideas, store, welsh",3
wench,"ideas, wrote, welch, wench",4
whack,"ideas, about, march, whack",4
whale,"ideas, after, place, leave, whale",5
wharf,"ideas, about, march, wharf",4
wheat,"ideas, great, cheat, wheat",4
wheel,"ideas, there, check, wheel",4
whelp,"ideas, there, check, wheel, whelp",5
where,"ideas, there, where",3
which,"ideas, which",2
whiff,"ideas, which, whirl, whiff",4
while,"ideas, price, while",3
whine,"ideas, price, while, white, whine",5
whiny,"ideas, which, whirl, whiff, whiny",5
whirl,"ideas, which, whirl",3
whisk,"ideas, first, noisy, swish, whisk",5
white,"ideas, price, while, white",4
whole,"ideas, wrote, whole",3
whoop,"ideas, group, whoop",3
whose,"ideas, store, close, whose",4
widen,"ideas, video, rider, widen",4
wider,"ideas, video, rider, wider",4
widow,"ideas, child, dirty, widow",4
width,"ideas, child, width",3
wield,"ideas, field, yield, wield",4
wight,"ideas, which, wight",3
willy,"ideas, which, willy",3
wimpy,"ideas, which, willy, witty, wimpy",5
wince,"ideas, price, wince",3
winch,"ideas, which, witch, winch",4
windy,"ideas, child, dirty, windy",4
wiser,"ideas, since, riser, wiser",4
wispy,"ideas, first, silly, wispy",4
witch,"ideas, which, witch",3
witty,"ideas, which, willy, witty",4
woken,"ideas, wrote, women, woven, woken",5
woman,"ideas, local, woman",3
women,"ideas, wrote, women",3
woody,"ideas, would, woody",3
wooer,"ideas, wrote, wooer",3
wooly,"ideas, group, known, wooly",4
woozy,"ideas, group, known, wooly, woozy",5
wordy,"ideas, would, woody, wordy",4
world,"ideas, would, world",3
worry,"ideas, group, north, worry",4
worse,"ideas, store, horse, worse",4
worst,"ideas, south, worst",3
worth,"ideas, group, north, worth",4
would,"ideas, would",2
wound,"ideas, would, wound",3
woven,"ideas, wrote, women, woven",4
wrack,"ideas, about, march, crack, wrack",5
wrath,"ideas, about, party, wrath",4
wreak,"ideas, great, break, freak, wreak",5
wreck,"ideas, there, green, wreck",4
wrest,"ideas, these, guest, crest, wrest",5
wring,"ideas, which, wring",3
wrist,"ideas, first, wrist",3
write,"ideas, price, write",3
wrong,"ideas, group, wrong",3
wrote,"ideas, wrote",2
wrung,"ideas, group, wrung",3
wryly,"ideas, group, wryly",3
yacht,"ideas, about, plant, yacht",4
yearn,"ideas, after, learn, yearn",4
yeast,"ideas, state, least, beast, yeast",5
yield,"ideas, field, yield",3
young,"ideas, group, young",3
youth,"ideas, group, youth",3
zebra,"ideas, after, learn, zebra",4
zesty,"ideas, store, upset, zesty",4
zonal,"ideas, local, total, royal, zonal",5
